asin,title,price,image,url,category,isBestSeller
B0CRQBVXL7,Sauce and Oil Bottle with Silicone Brush for Cooking BBQ Kitchen - 6.8oz,,https://m.media-amazon.com/images/I/5135XGTexyL._AC_UL320_.jpg,https://www.amazon.com/Sauce-Bottle-Silicone-Cooking-Kitchen/dp/B0CRQBVXL7/ref=sr_1_1?dib=eyJ2IjoiMSJ9.gEklhR6lpnTHcEN0TLteWWkdrnJd7BWP5VR-wbAt-ikXippoE0Kd_pR68p1XNR5TCOG5992mc7w7nkL5UIBJrWahKUn1BmxK4qB2xIM7JnfgzIQsze_bJfXlKR5dz12qJX3Huq8oeoG6hLzJmcXF_iywlz6DAtcYxz14L0EvB35s3qjKJLLh6w0iBC_UGMGGNuraPm3lzd5D7gX2XnHaOyeCIESm18V6PJNNIdADgTtq2XcooUMJ2nqUzdTMT1eILodloBv4KuPESKnFBYBBqChPNrEK0wbcZddgDVUNEB4.VwhKJg8N-htaXJxfkFuSoTXktWZxafL5FH5eF41RXkQ&dib_tag=se&keywords=trending+amazon+finds&qid=1768898702&sr=8-1,Latest,true
B08WQB1CDG,"Amazon Basics Women's Multipurpose Exfoliating Dermaplaning Tool, Eyebrow Razor, and Facial Razor, Includes Blade Cover, Multicolor, 3 Count",349.05,https://m.media-amazon.com/images/I/61PiUWG8M7L._AC_UL320_.jpg,https://www.amazon.com/Amazon-Basics-Dermaplane-Razor/dp/B08WQB1CDG/ref=sr_1_2?dib=eyJ2IjoiMSJ9.gEklhR6lpnTHcEN0TLteWWkdrnJd7BWP5VR-wbAt-ikXippoE0Kd_pR68p1XNR5TCOG5992mc7w7nkL5UIBJrWahKUn1BmxK4qB2xIM7JnfgzIQsze_bJfXlKR5dz12qJX3Huq8oeoG6hLzJmcXF_iywlz6DAtcYxz14L0EvB35s3qjKJLLh6w0iBC_UGMGGNuraPm3lzd5D7gX2XnHaOyeCIESm18V6PJNNIdADgTtq2XcooUMJ2nqUzdTMT1eILodloBv4KuPESKnFBYBBqChPNrEK0wbcZddgDVUNEB4.VwhKJg8N-htaXJxfkFuSoTXktWZxafL5FH5eF41RXkQ&dib_tag=se&keywords=trending+amazon+finds&qid=1768898702&sr=8-2,Latest,true
B0DJK1RLX4,"CLEANGOR Crevice Cleaning Brushes, Cleaner Scrub Brush Tool for Hard to Reach Tight Space, Home Essentials, Cleaning Supplies for Shower, Bathroom, Kitchen, Toilet, Window",,https://m.media-amazon.com/images/I/71Tu5Vf20jL._AC_UL320_.jpg,https://www.amazon.com/Cleangor-Cleaning-Essentials-Supplies-Bathroom/dp/B0DJK1RLX4/ref=sr_1_3?dib=eyJ2IjoiMSJ9.gEklhR6lpnTHcEN0TLteWWkdrnJd7BWP5VR-wbAt-ikXippoE0Kd_pR68p1XNR5TCOG5992mc7w7nkL5UIBJrWahKUn1BmxK4qB2xIM7JnfgzIQsze_bJfXlKR5dz12qJX3Huq8oeoG6hLzJmcXF_iywlz6DAtcYxz14L0EvB35s3qjKJLLh6w0iBC_UGMGGNuraPm3lzd5D7gX2XnHaOyeCIESm18V6PJNNIdADgTtq2XcooUMJ2nqUzdTMT1eILodloBv4KuPESKnFBYBBqChPNrEK0wbcZddgDVUNEB4.VwhKJg8N-htaXJxfkFuSoTXktWZxafL5FH5eF41RXkQ&dib_tag=se&keywords=trending+amazon+finds&qid=1768898702&sr=8-3,Latest,false
B07VLBVQBP,"OTOTO Red The Crab Silicone Utensil Rest - Kitchen Gifts, Silicone Spoon Rest - Heat-Resistant Kitchen - Steam Releaser, Chopstick Rests & Holders",1632.55,https://m.media-amazon.com/images/I/61c6VLGknJL._AC_UL320_.jpg,https://www.amazon.com/Spoon-Holder-Steam-Releaser-OTOTO/dp/B07VLBVQBP/ref=sr_1_4?dib=eyJ2IjoiMSJ9.gEklhR6lpnTHcEN0TLteWWkdrnJd7BWP5VR-wbAt-ikXippoE0Kd_pR68p1XNR5TCOG5992mc7w7nkL5UIBJrWahKUn1BmxK4qB2xIM7JnfgzIQsze_bJfXlKR5dz12qJX3Huq8oeoG6hLzJmcXF_iywlz6DAtcYxz14L0EvB35s3qjKJLLh6w0iBC_UGMGGNuraPm3lzd5D7gX2XnHaOyeCIESm18V6PJNNIdADgTtq2XcooUMJ2nqUzdTMT1eILodloBv4KuPESKnFBYBBqChPNrEK0wbcZddgDVUNEB4.VwhKJg8N-htaXJxfkFuSoTXktWZxafL5FH5eF41RXkQ&dib_tag=se&keywords=trending+amazon+finds&qid=1768898702&sr=8-4,Latest,false
B0CJN6KWGC,Hellopopgo Seamless Thongs For Women V-waisted No Show Thong Seamless Panties Breathable Comfortable Underwear Womens 6-Pack,,https://m.media-amazon.com/images/I/71cfnToMubL._AC_UL320_.jpg,https://www.amazon.com/Hellopopgo-V-waisted-Breathable-Comfortable-Underwear/dp/B0CJN6KWGC/ref=sr_1_5?dib=eyJ2IjoiMSJ9.gEklhR6lpnTHcEN0TLteWWkdrnJd7BWP5VR-wbAt-ikXippoE0Kd_pR68p1XNR5TCOG5992mc7w7nkL5UIBJrWahKUn1BmxK4qB2xIM7JnfgzIQsze_bJfXlKR5dz12qJX3Huq8oeoG6hLzJmcXF_iywlz6DAtcYxz14L0EvB35s3qjKJLLh6w0iBC_UGMGGNuraPm3lzd5D7gX2XnHaOyeCIESm18V6PJNNIdADgTtq2XcooUMJ2nqUzdTMT1eILodloBv4KuPESKnFBYBBqChPNrEK0wbcZddgDVUNEB4.VwhKJg8N-htaXJxfkFuSoTXktWZxafL5FH5eF41RXkQ&dib_tag=se&keywords=trending+amazon+finds&qid=1768898702&sr=8-5,Latest,false
B07CPFDGC7,Aiosscd 7 PCS Shelf Mats Refrigerator Liners Washable Refrigerator Pads Fridge Mats Drawer Placemats Home Kitchen Gadgets Accessories Organization for Top Freezer(2green+2pink+3blue),,https://m.media-amazon.com/images/I/71UxOpd6BtL._AC_UL320_.jpg,https://www.amazon.com/Aiosscd-Antibacterial-Antifouling-Refrigerator-Placemats/dp/B07CPFDGC7/ref=sr_1_6?dib=eyJ2IjoiMSJ9.gEklhR6lpnTHcEN0TLteWWkdrnJd7BWP5VR-wbAt-ikXippoE0Kd_pR68p1XNR5TCOG5992mc7w7nkL5UIBJrWahKUn1BmxK4qB2xIM7JnfgzIQsze_bJfXlKR5dz12qJX3Huq8oeoG6hLzJmcXF_iywlz6DAtcYxz14L0EvB35s3qjKJLLh6w0iBC_UGMGGNuraPm3lzd5D7gX2XnHaOyeCIESm18V6PJNNIdADgTtq2XcooUMJ2nqUzdTMT1eILodloBv4KuPESKnFBYBBqChPNrEK0wbcZddgDVUNEB4.VwhKJg8N-htaXJxfkFuSoTXktWZxafL5FH5eF41RXkQ&dib_tag=se&keywords=trending+amazon+finds&qid=1768898702&sr=8-6,Latest,false
B0F2G5WNP7,"5Pcs Hard Bristle Crevice Cleaning Brush - Grout Cleaner Brush, Gap Cleaning Tools, Effective Tile Cleaning Brush for Household, Floor, Grout Lines, Tile, Flower Pots, Kitchen, Home Essentials Brush",,https://m.media-amazon.com/images/I/71Q3p183V-L._AC_UL320_.jpg,https://www.amazon.com/Cleaner-Crevice-Cleaning-Bathroom-Essentials/dp/B0F2G5WNP7/ref=sr_1_7?dib=eyJ2IjoiMSJ9.gEklhR6lpnTHcEN0TLteWWkdrnJd7BWP5VR-wbAt-ikXippoE0Kd_pR68p1XNR5TCOG5992mc7w7nkL5UIBJrWahKUn1BmxK4qB2xIM7JnfgzIQsze_bJfXlKR5dz12qJX3Huq8oeoG6hLzJmcXF_iywlz6DAtcYxz14L0EvB35s3qjKJLLh6w0iBC_UGMGGNuraPm3lzd5D7gX2XnHaOyeCIESm18V6PJNNIdADgTtq2XcooUMJ2nqUzdTMT1eILodloBv4KuPESKnFBYBBqChPNrEK0wbcZddgDVUNEB4.VwhKJg8N-htaXJxfkFuSoTXktWZxafL5FH5eF41RXkQ&dib_tag=se&keywords=trending+amazon+finds&qid=1768898702&sr=8-7,Latest,false
B082KZ8ZGM,"Revlon Face Roller, Oily Skin Control for Makeup, Oil Absorbing, Volcanic Reusable Facial Skincare Tool for At-Home or On-the-Go Mini Massage, 1 Count",891.72,https://m.media-amazon.com/images/I/81OEm8WYoAL._AC_UL320_.jpg,https://www.amazon.com/Control-Absorbing-Volcanic-Reusable-Skincare/dp/B082KZ8ZGM/ref=sr_1_8?dib=eyJ2IjoiMSJ9.gEklhR6lpnTHcEN0TLteWWkdrnJd7BWP5VR-wbAt-ikXippoE0Kd_pR68p1XNR5TCOG5992mc7w7nkL5UIBJrWahKUn1BmxK4qB2xIM7JnfgzIQsze_bJfXlKR5dz12qJX3Huq8oeoG6hLzJmcXF_iywlz6DAtcYxz14L0EvB35s3qjKJLLh6w0iBC_UGMGGNuraPm3lzd5D7gX2XnHaOyeCIESm18V6PJNNIdADgTtq2XcooUMJ2nqUzdTMT1eILodloBv4KuPESKnFBYBBqChPNrEK0wbcZddgDVUNEB4.VwhKJg8N-htaXJxfkFuSoTXktWZxafL5FH5eF41RXkQ&dib_tag=se&keywords=trending+amazon+finds&qid=1768898702&sr=8-8,Latest,false
B0DLWC8WJ5,WEESO Womens Summer Tops Trendy 2026 Cap Sleeve T Shirts Crew Neck Pleated Front Beach Vacation Clothes Fashion,,https://m.media-amazon.com/images/I/71+gtAzmXNL._AC_UL320_.jpg,https://www.amazon.com/Vacation-Outfits-Clothes-Tshirts-Valentine/dp/B0DLWC8WJ5/ref=sr_1_9?dib=eyJ2IjoiMSJ9.gEklhR6lpnTHcEN0TLteWWkdrnJd7BWP5VR-wbAt-ikXippoE0Kd_pR68p1XNR5TCOG5992mc7w7nkL5UIBJrWahKUn1BmxK4qB2xIM7JnfgzIQsze_bJfXlKR5dz12qJX3Huq8oeoG6hLzJmcXF_iywlz6DAtcYxz14L0EvB35s3qjKJLLh6w0iBC_UGMGGNuraPm3lzd5D7gX2XnHaOyeCIESm18V6PJNNIdADgTtq2XcooUMJ2nqUzdTMT1eILodloBv4KuPESKnFBYBBqChPNrEK0wbcZddgDVUNEB4.VwhKJg8N-htaXJxfkFuSoTXktWZxafL5FH5eF41RXkQ&dib_tag=se&keywords=trending+amazon+finds&qid=1768898702&sr=8-9,Latest,false
B0DT5XRLP1,OEAK Womens Deep V Bras Wireless Comfortable Bra Supportive No Underwire Bras Tshirt Push Up Bralettes Plunge Seamless Bra,,https://m.media-amazon.com/images/I/716+eYneAzL._AC_UL320_.jpg,https://www.amazon.com/OEAK-Comfortable-Supportive-Underwire-Bralettes/dp/B0DT5XRLP1/ref=sr_1_10?dib=eyJ2IjoiMSJ9.gEklhR6lpnTHcEN0TLteWWkdrnJd7BWP5VR-wbAt-ikXippoE0Kd_pR68p1XNR5TCOG5992mc7w7nkL5UIBJrWahKUn1BmxK4qB2xIM7JnfgzIQsze_bJfXlKR5dz12qJX3Huq8oeoG6hLzJmcXF_iywlz6DAtcYxz14L0EvB35s3qjKJLLh6w0iBC_UGMGGNuraPm3lzd5D7gX2XnHaOyeCIESm18V6PJNNIdADgTtq2XcooUMJ2nqUzdTMT1eILodloBv4KuPESKnFBYBBqChPNrEK0wbcZddgDVUNEB4.VwhKJg8N-htaXJxfkFuSoTXktWZxafL5FH5eF41RXkQ&dib_tag=se&keywords=trending+amazon+finds&qid=1768898702&sr=8-10,Latest,false
B001GXPZEQ,"Apollo Tools Original 39 Piece General Household Tool Set in Toolbox Storage Case with Essential Hand Tools for Everyday Home Repairs, DIY and Crafts - Pink Ribbon - Pink - DT9706P",1372.57,https://m.media-amazon.com/images/I/815HG6H1nxL._AC_UL320_.jpg,https://www.amazon.com/Original-General-Household-Essential-Everyday/dp/B001GXPZEQ/ref=sr_1_11?dib=eyJ2IjoiMSJ9.gEklhR6lpnTHcEN0TLteWWkdrnJd7BWP5VR-wbAt-ikXippoE0Kd_pR68p1XNR5TCOG5992mc7w7nkL5UIBJrWahKUn1BmxK4qB2xIM7JnfgzIQsze_bJfXlKR5dz12qJX3Huq8oeoG6hLzJmcXF_iywlz6DAtcYxz14L0EvB35s3qjKJLLh6w0iBC_UGMGGNuraPm3lzd5D7gX2XnHaOyeCIESm18V6PJNNIdADgTtq2XcooUMJ2nqUzdTMT1eILodloBv4KuPESKnFBYBBqChPNrEK0wbcZddgDVUNEB4.VwhKJg8N-htaXJxfkFuSoTXktWZxafL5FH5eF41RXkQ&dib_tag=se&keywords=trending+amazon+finds&qid=1768898702&sr=8-11,Latest,false
B01MZ14LJV,Kitchen Gizmo Snap N' Strain - Silicone Pasta Strainer Clip-On for Pots and Pans - Heat Resistant Colander for Vegetables and Noodles - Kitchen Gadgets for Cooking - Space-Saving Design - Gray,,https://m.media-amazon.com/images/I/61SarkuabfL._AC_UL320_.jpg,https://www.amazon.com/Kitchen-Gizmo-Strainer-Silicone-Colander/dp/B01MZ14LJV/ref=sr_1_12?dib=eyJ2IjoiMSJ9.gEklhR6lpnTHcEN0TLteWWkdrnJd7BWP5VR-wbAt-ikXippoE0Kd_pR68p1XNR5TCOG5992mc7w7nkL5UIBJrWahKUn1BmxK4qB2xIM7JnfgzIQsze_bJfXlKR5dz12qJX3Huq8oeoG6hLzJmcXF_iywlz6DAtcYxz14L0EvB35s3qjKJLLh6w0iBC_UGMGGNuraPm3lzd5D7gX2XnHaOyeCIESm18V6PJNNIdADgTtq2XcooUMJ2nqUzdTMT1eILodloBv4KuPESKnFBYBBqChPNrEK0wbcZddgDVUNEB4.VwhKJg8N-htaXJxfkFuSoTXktWZxafL5FH5eF41RXkQ&dib_tag=se&keywords=trending+amazon+finds&qid=1768898702&sr=8-12,Latest,false
B0CGRGRXPY,"SURETIVIAN Chicken Shredder Large Chicken Breast Shredder Tool Twist with Brush&Fork, Visible Meat Shredder Machine, Strong Anti-Slip Strip, Ergonomic Handle, BPA Free, Suitable for Pork Beef Chicken",,https://m.media-amazon.com/images/I/71d6vBNDknL._AC_UL320_.jpg,https://www.amazon.com/SURETIVIAN-Shredder-Anti-Slip-Ergonomic-Suitable/dp/B0CGRGRXPY/ref=sr_1_13?dib=eyJ2IjoiMSJ9.gEklhR6lpnTHcEN0TLteWWkdrnJd7BWP5VR-wbAt-ikXippoE0Kd_pR68p1XNR5TCOG5992mc7w7nkL5UIBJrWahKUn1BmxK4qB2xIM7JnfgzIQsze_bJfXlKR5dz12qJX3Huq8oeoG6hLzJmcXF_iywlz6DAtcYxz14L0EvB35s3qjKJLLh6w0iBC_UGMGGNuraPm3lzd5D7gX2XnHaOyeCIESm18V6PJNNIdADgTtq2XcooUMJ2nqUzdTMT1eILodloBv4KuPESKnFBYBBqChPNrEK0wbcZddgDVUNEB4.VwhKJg8N-htaXJxfkFuSoTXktWZxafL5FH5eF41RXkQ&dib_tag=se&keywords=trending+amazon+finds&qid=1768898702&sr=8-13,Latest,false
B09NVX2MGS,Allarallvr Rectangle Sunglasses for Women 90s Retro Trendy Y2K Classical Vintage Square Shades AR82037,,https://m.media-amazon.com/images/I/51+ljoQWmGL._AC_UL320_.jpg,https://www.amazon.com/Allarallvr-Rectangle-Sunglasses-Aesthetic-Vintage/dp/B09NVX2MGS/ref=sr_1_14?dib=eyJ2IjoiMSJ9.gEklhR6lpnTHcEN0TLteWWkdrnJd7BWP5VR-wbAt-ikXippoE0Kd_pR68p1XNR5TCOG5992mc7w7nkL5UIBJrWahKUn1BmxK4qB2xIM7JnfgzIQsze_bJfXlKR5dz12qJX3Huq8oeoG6hLzJmcXF_iywlz6DAtcYxz14L0EvB35s3qjKJLLh6w0iBC_UGMGGNuraPm3lzd5D7gX2XnHaOyeCIESm18V6PJNNIdADgTtq2XcooUMJ2nqUzdTMT1eILodloBv4KuPESKnFBYBBqChPNrEK0wbcZddgDVUNEB4.VwhKJg8N-htaXJxfkFuSoTXktWZxafL5FH5eF41RXkQ&dib_tag=se&keywords=trending+amazon+finds&qid=1768898702&sr=8-14,Latest,false
B0BRYJKPM4,"Silicone Cooking Utensils Set, 28 Pcs Kitchen Utensils Set for cooking, 446°F Heat Resistant Spatula Set, Food Grade Silicone and Stainless Steel Handle Kitchen Gadgets for Nonstick Cookware BPA Free",,https://m.media-amazon.com/images/I/71tGNzU2DdL._AC_UL320_.jpg,https://www.amazon.com/NCUE-Utensils-Silicone-Measuring-Stainless/dp/B0BRYJKPM4/ref=sr_1_15?dib=eyJ2IjoiMSJ9.gEklhR6lpnTHcEN0TLteWWkdrnJd7BWP5VR-wbAt-ikXippoE0Kd_pR68p1XNR5TCOG5992mc7w7nkL5UIBJrWahKUn1BmxK4qB2xIM7JnfgzIQsze_bJfXlKR5dz12qJX3Huq8oeoG6hLzJmcXF_iywlz6DAtcYxz14L0EvB35s3qjKJLLh6w0iBC_UGMGGNuraPm3lzd5D7gX2XnHaOyeCIESm18V6PJNNIdADgTtq2XcooUMJ2nqUzdTMT1eILodloBv4KuPESKnFBYBBqChPNrEK0wbcZddgDVUNEB4.VwhKJg8N-htaXJxfkFuSoTXktWZxafL5FH5eF41RXkQ&dib_tag=se&keywords=trending+amazon+finds&qid=1768898702&sr=8-15,Latest,false
B0FL3K4D17,"Solis Edge – 5G Hotspot Device, Bundle Includes Lifetime Data (12GB Per Year) and 10GB Global Data, WiFi in 140+ Countries, Access 300+ Mobile Carriers, Portable Internet by SIMO",,https://m.media-amazon.com/images/I/51RBi2zbZ6L._AC_UY218_.jpg,https://www.amazon.com/sspa/click?ie=UTF8&spc=MToxNjYyMjIxNTMxNjcxMTk3OjE3Njg4OTg3MDY6c3BfYXRmOjMwMTA4NjI5NTQ3NjgwMjo6MDo6&url=%2FSolis-Edge-Lifetime-Countries-Carriers%2Fdp%2FB0FL3K4D17%2Fref%3Dsr_1_1_sspa%3Fdib%3DeyJ2IjoiMSJ9.2J6uFxYfRkAdIVufJ16t_W2Nzvp2HV4rvtb3MdZQ-RlMW1slt6rcWyPexympV8PWLlYR6hK6ARTSkLiDs5S8G3R7_nJYCkSTTjW7Zo90OwzOWU_foOH1NpU2_MkNFVRL4kW5ri3QDtRfhlv3ARi3xS1PNsdjnvqyi9b7rLGk4Dw0EBFt4xz1pZ6H3XXBqFei5kLnxI6KI7canSYMQc2Eq1P_CjGPlzSwHnd4AYk8XUE.MQ7C-LP3jvkeP9b_fUAHgsGZJrLFUmo8LUhVSNhrifY%26dib_tag%3Dse%26keywords%3Dbest%2Belectronics%2Bgadgets%26qid%3D1768898706%26sr%3D8-1-spons%26sp_csd%3Dd2lkZ2V0TmFtZT1zcF9hdGY%26psc%3D1,Electronics,true
B0BYNJVLQJ,"ICARERSPACE 2 Pairs AirPods Ear Hooks for AirPods Pro 2, AirPods Pro, AirPods 4, 3, 2 & 1, Upgraded Anti Slip Sports Clip Hooks for AirPods 1, 2, 3, 4,Pro, Pro 2 – White",,https://m.media-amazon.com/images/I/71mYwsbMRcL._AC_UY218_.jpg,https://www.amazon.com/sspa/click?ie=UTF8&spc=MToxNjYyMjIxNTMxNjcxMTk3OjE3Njg4OTg3MDY6c3BfYXRmOjMwMDA2OTY5Njc2NTYwMjo6MDo6&url=%2FICARERSPACE-AirPods-Ear-Hooks-Upgraded%2Fdp%2FB0BYNJVLQJ%2Fref%3Dsr_1_2_sspa%3Fdib%3DeyJ2IjoiMSJ9.2J6uFxYfRkAdIVufJ16t_W2Nzvp2HV4rvtb3MdZQ-RlMW1slt6rcWyPexympV8PWLlYR6hK6ARTSkLiDs5S8G3R7_nJYCkSTTjW7Zo90OwzOWU_foOH1NpU2_MkNFVRL4kW5ri3QDtRfhlv3ARi3xS1PNsdjnvqyi9b7rLGk4Dw0EBFt4xz1pZ6H3XXBqFei5kLnxI6KI7canSYMQc2Eq1P_CjGPlzSwHnd4AYk8XUE.MQ7C-LP3jvkeP9b_fUAHgsGZJrLFUmo8LUhVSNhrifY%26dib_tag%3Dse%26keywords%3Dbest%2Belectronics%2Bgadgets%26qid%3D1768898706%26sr%3D8-2-spons%26sp_csd%3Dd2lkZ2V0TmFtZT1zcF9hdGY%26psc%3D1,Electronics,true
B0D4215HCX,"LISEN Retractable Car Charger, 69W Cars Adapter USB C Fast Charger for iPhone 17 Pro Max 16, Car Accessories for Valentines Day Gifts for him Her Birthday Gifts for Men Women 2026 Tech Gadgets for Men",,https://m.media-amazon.com/images/I/71Ryl5xKbuL._AC_UY218_.jpg,https://www.amazon.com/LISEN-Retractable-Charger-Charging-Accessories/dp/B0D4215HCX/ref=sr_1_3?dib=eyJ2IjoiMSJ9.2J6uFxYfRkAdIVufJ16t_W2Nzvp2HV4rvtb3MdZQ-RlMW1slt6rcWyPexympV8PWLlYR6hK6ARTSkLiDs5S8G3R7_nJYCkSTTjW7Zo90OwzOWU_foOH1NpU2_MkNFVRL4kW5ri3QDtRfhlv3ARi3xS1PNsdjnvqyi9b7rLGk4Dw0EBFt4xz1pZ6H3XXBqFei5kLnxI6KI7canSYMQc2Eq1P_CjGPlzSwHnd4AYk8XUE.MQ7C-LP3jvkeP9b_fUAHgsGZJrLFUmo8LUhVSNhrifY&dib_tag=se&keywords=best+electronics+gadgets&qid=1768898706&sr=8-3,Electronics,false
B0B8HKQFPD,"Daxiongmao Borescope，Endoscope Camera with Light, 1080P HD Borescope Tools with 8 Adjustable LED Lights, Endoscope with 11.5ft Semi-Rigid Snake Camera, Gadgets for Men",,https://m.media-amazon.com/images/I/61YLh7D6vcL._AC_UY218_.jpg,https://www.amazon.com/Daxiongmao-Borescope-Endoscope-Inspection-Waterproof/dp/B0B8HKQFPD/ref=sr_1_4?dib=eyJ2IjoiMSJ9.2J6uFxYfRkAdIVufJ16t_W2Nzvp2HV4rvtb3MdZQ-RlMW1slt6rcWyPexympV8PWLlYR6hK6ARTSkLiDs5S8G3R7_nJYCkSTTjW7Zo90OwzOWU_foOH1NpU2_MkNFVRL4kW5ri3QDtRfhlv3ARi3xS1PNsdjnvqyi9b7rLGk4Dw0EBFt4xz1pZ6H3XXBqFei5kLnxI6KI7canSYMQc2Eq1P_CjGPlzSwHnd4AYk8XUE.MQ7C-LP3jvkeP9b_fUAHgsGZJrLFUmo8LUhVSNhrifY&dib_tag=se&keywords=best+electronics+gadgets&qid=1768898706&sr=8-4,Electronics,false
B0CGTK2NC7,"Perytong Sleep Headphones Wireless, Bluetooth Sports Headband Headphones with Ultra-Thin HD Stereo Speakers Perfect for Sleeping,Workout,Jogging,Yoga,Insomnia, Air Travel, Meditation (Charcoal Grey)",,https://m.media-amazon.com/images/I/810p2QGLVOL._AC_UY218_.jpg,https://www.amazon.com/Perytong-Headphones-Bluetooth-Headband-Earphones/dp/B0CGTK2NC7/ref=sr_1_5?dib=eyJ2IjoiMSJ9.2J6uFxYfRkAdIVufJ16t_W2Nzvp2HV4rvtb3MdZQ-RlMW1slt6rcWyPexympV8PWLlYR6hK6ARTSkLiDs5S8G3R7_nJYCkSTTjW7Zo90OwzOWU_foOH1NpU2_MkNFVRL4kW5ri3QDtRfhlv3ARi3xS1PNsdjnvqyi9b7rLGk4Dw0EBFt4xz1pZ6H3XXBqFei5kLnxI6KI7canSYMQc2Eq1P_CjGPlzSwHnd4AYk8XUE.MQ7C-LP3jvkeP9b_fUAHgsGZJrLFUmo8LUhVSNhrifY&dib_tag=se&keywords=best+electronics+gadgets&qid=1768898706&sr=8-5,Electronics,false
B0784JR9GR,"iPhone Charge Lightning Cable + Keychain + Bottle Opener + Aluminum Carabiner,Portable Multifunction Keychain Bottle Opener USB Charging Cord Short Cable for iPhone X/8/7/6S,Gift for Men Women(White)",,https://m.media-amazon.com/images/I/61Oo9f7IW0L._AC_UY218_.jpg,https://www.amazon.com/Lightning-Keychain-Aluminum-Carabiner-Multifunction/dp/B0784JR9GR/ref=sr_1_6?dib=eyJ2IjoiMSJ9.2J6uFxYfRkAdIVufJ16t_W2Nzvp2HV4rvtb3MdZQ-RlMW1slt6rcWyPexympV8PWLlYR6hK6ARTSkLiDs5S8G3R7_nJYCkSTTjW7Zo90OwzOWU_foOH1NpU2_MkNFVRL4kW5ri3QDtRfhlv3ARi3xS1PNsdjnvqyi9b7rLGk4Dw0EBFt4xz1pZ6H3XXBqFei5kLnxI6KI7canSYMQc2Eq1P_CjGPlzSwHnd4AYk8XUE.MQ7C-LP3jvkeP9b_fUAHgsGZJrLFUmo8LUhVSNhrifY&dib_tag=se&keywords=best+electronics+gadgets&qid=1768898706&sr=8-6,Electronics,false
B0GD6MY3NS,"Hupoaf Adjustable Cell Phone Stand with Wireless Induction Bluetooth Speaker, HD Surround Sound for Home and Outdoors, Compatible with iPhone/iPad/Samsung Galaxy, Popular Gifts for Men Women Dad Mom",,https://m.media-amazon.com/images/I/71RwuRCRNiL._AC_UY218_.jpg,https://www.amazon.com/sspa/click?ie=UTF8&spc=MToxNjYyMjIxNTMxNjcxMTk3OjE3Njg4OTg3MDY6c3BfbXRmOjMwMTA5ODM1NDcxMjAwMjo6MDo6&url=%2FHupoaf-Adjustable-Induction-Bluetooth-Compatible%2Fdp%2FB0GD6MY3NS%2Fref%3Dsr_1_7_sspa%3Fdib%3DeyJ2IjoiMSJ9.2J6uFxYfRkAdIVufJ16t_W2Nzvp2HV4rvtb3MdZQ-RlMW1slt6rcWyPexympV8PWLlYR6hK6ARTSkLiDs5S8G3R7_nJYCkSTTjW7Zo90OwzOWU_foOH1NpU2_MkNFVRL4kW5ri3QDtRfhlv3ARi3xS1PNsdjnvqyi9b7rLGk4Dw0EBFt4xz1pZ6H3XXBqFei5kLnxI6KI7canSYMQc2Eq1P_CjGPlzSwHnd4AYk8XUE.MQ7C-LP3jvkeP9b_fUAHgsGZJrLFUmo8LUhVSNhrifY%26dib_tag%3Dse%26keywords%3Dbest%2Belectronics%2Bgadgets%26qid%3D1768898706%26sr%3D8-7-spons%26sp_csd%3Dd2lkZ2V0TmFtZT1zcF9tdGY%26psc%3D1,Electronics,false
B0C52MMQ49,"AKMTRD Magnetic Levitation Bluetooth Speaker,Playing Music and Floating in The air,with 5W Louder Sound,Bluetooth 5.1,Cool Tech Gadgets for Men,Unique Gifts for Home Office Decor",,https://m.media-amazon.com/images/I/71mMub4Ls2L._AC_UY218_.jpg,https://www.amazon.com/AKMTRD-Magnetic-Levitation-Bluetooth-Floating/dp/B0C52MMQ49/ref=sr_1_8?dib=eyJ2IjoiMSJ9.2J6uFxYfRkAdIVufJ16t_W2Nzvp2HV4rvtb3MdZQ-RlMW1slt6rcWyPexympV8PWLlYR6hK6ARTSkLiDs5S8G3R7_nJYCkSTTjW7Zo90OwzOWU_foOH1NpU2_MkNFVRL4kW5ri3QDtRfhlv3ARi3xS1PNsdjnvqyi9b7rLGk4Dw0EBFt4xz1pZ6H3XXBqFei5kLnxI6KI7canSYMQc2Eq1P_CjGPlzSwHnd4AYk8XUE.MQ7C-LP3jvkeP9b_fUAHgsGZJrLFUmo8LUhVSNhrifY&dib_tag=se&keywords=best+electronics+gadgets&qid=1768898706&sr=8-8,Electronics,false
B0BRKPVZB4,"BolaButty Bluetooth Speaker with HD Sound, Portable Wireless, IPX5 Waterproof, Up to 20H Playtime, TWS Pairing, BT5.3, for Home/Party/Outdoor/Beach, Electronic Gadgets, Birthday Gift (Black)",,https://m.media-amazon.com/images/I/81l7mB5LhsL._AC_UY218_.jpg,https://www.amazon.com/Bluetooth-Waterproof-Playtime-Portable-Electronic/dp/B0BRKPVZB4/ref=sr_1_9?dib=eyJ2IjoiMSJ9.2J6uFxYfRkAdIVufJ16t_W2Nzvp2HV4rvtb3MdZQ-RlMW1slt6rcWyPexympV8PWLlYR6hK6ARTSkLiDs5S8G3R7_nJYCkSTTjW7Zo90OwzOWU_foOH1NpU2_MkNFVRL4kW5ri3QDtRfhlv3ARi3xS1PNsdjnvqyi9b7rLGk4Dw0EBFt4xz1pZ6H3XXBqFei5kLnxI6KI7canSYMQc2Eq1P_CjGPlzSwHnd4AYk8XUE.MQ7C-LP3jvkeP9b_fUAHgsGZJrLFUmo8LUhVSNhrifY&dib_tag=se&keywords=best+electronics+gadgets&qid=1768898706&sr=8-9,Electronics,false
B0B7QQVMRT,"FYY Electronic Organizer, Travel Cable Organizer All-in-One Storage Bag Pouch Electronic Accessories Carry Case Portable Waterproof Double Layers for Cable, Cord, Charger, Phone, Earphone Green",,https://m.media-amazon.com/images/I/71Mj75CTjxL._AC_UY218_.jpg,https://www.amazon.com/FYY-Electronic-Organizer-Accessories-Waterproof/dp/B0B7QQVMRT/ref=sr_1_10?dib=eyJ2IjoiMSJ9.2J6uFxYfRkAdIVufJ16t_W2Nzvp2HV4rvtb3MdZQ-RlMW1slt6rcWyPexympV8PWLlYR6hK6ARTSkLiDs5S8G3R7_nJYCkSTTjW7Zo90OwzOWU_foOH1NpU2_MkNFVRL4kW5ri3QDtRfhlv3ARi3xS1PNsdjnvqyi9b7rLGk4Dw0EBFt4xz1pZ6H3XXBqFei5kLnxI6KI7canSYMQc2Eq1P_CjGPlzSwHnd4AYk8XUE.MQ7C-LP3jvkeP9b_fUAHgsGZJrLFUmo8LUhVSNhrifY&dib_tag=se&keywords=best+electronics+gadgets&qid=1768898706&sr=8-10,Electronics,false
B01NBAUID7,"BUBM 3pcs Double Layer Electronic Organizer, Travel Gadgets Bag for Cables, External Flash Drive, Mouse, Memory Card, Power Bank and More, Compact and Multi-purpose, Black",,https://m.media-amazon.com/images/I/81BpZspxFxL._AC_UY218_.jpg,https://www.amazon.com/BUBM-Electronic-Organizer-Battery-Multi-Purpose/dp/B01NBAUID7/ref=sr_1_11?dib=eyJ2IjoiMSJ9.2J6uFxYfRkAdIVufJ16t_W2Nzvp2HV4rvtb3MdZQ-RlMW1slt6rcWyPexympV8PWLlYR6hK6ARTSkLiDs5S8G3R7_nJYCkSTTjW7Zo90OwzOWU_foOH1NpU2_MkNFVRL4kW5ri3QDtRfhlv3ARi3xS1PNsdjnvqyi9b7rLGk4Dw0EBFt4xz1pZ6H3XXBqFei5kLnxI6KI7canSYMQc2Eq1P_CjGPlzSwHnd4AYk8XUE.MQ7C-LP3jvkeP9b_fUAHgsGZJrLFUmo8LUhVSNhrifY&dib_tag=se&keywords=best+electronics+gadgets&qid=1768898706&sr=8-11,Electronics,false
B08GC1G4Y9,Cell Phone Stand with Wireless Bluetooth Speaker and Anti-Slip Base HD Surround Sound Perfect for Home and Outdoors with Bluetooth Speaker for Desk Compatible with iPhone/ipad/Samsung Galaxy,,https://m.media-amazon.com/images/I/71qQOOCSbjL._AC_UY218_.jpg,https://www.amazon.com/sspa/click?ie=UTF8&spc=MToxNjYyMjIxNTMxNjcxMTk3OjE3Njg4OTg3MDY6c3BfbXRmOjIwMDExMDE0MTYyOTM5ODo6MDo6&url=%2FWireless-Bluetooth-Anti-Slip-Surround-Compatible%2Fdp%2FB08GC1G4Y9%2Fref%3Dsr_1_12_sspa%3Fdib%3DeyJ2IjoiMSJ9.2J6uFxYfRkAdIVufJ16t_W2Nzvp2HV4rvtb3MdZQ-RlMW1slt6rcWyPexympV8PWLlYR6hK6ARTSkLiDs5S8G3R7_nJYCkSTTjW7Zo90OwzOWU_foOH1NpU2_MkNFVRL4kW5ri3QDtRfhlv3ARi3xS1PNsdjnvqyi9b7rLGk4Dw0EBFt4xz1pZ6H3XXBqFei5kLnxI6KI7canSYMQc2Eq1P_CjGPlzSwHnd4AYk8XUE.MQ7C-LP3jvkeP9b_fUAHgsGZJrLFUmo8LUhVSNhrifY%26dib_tag%3Dse%26keywords%3Dbest%2Belectronics%2Bgadgets%26qid%3D1768898706%26sr%3D8-12-spons%26sp_csd%3Dd2lkZ2V0TmFtZT1zcF9tdGY%26psc%3D1,Electronics,false
B010M9KRHO,"ONXE LED USB Clock Fan with Real Time Display Function,Stocking Stuffers for Men Christmas Gadgets,Father's Day Gifts,1 Year Warranty",,https://m.media-amazon.com/images/I/71jbvKk1UOL._AC_UY218_.jpg,https://www.amazon.com/OnetwoUSB-Display-Function-Silver-warranty/dp/B010M9KRHO/ref=sr_1_13?dib=eyJ2IjoiMSJ9.2J6uFxYfRkAdIVufJ16t_W2Nzvp2HV4rvtb3MdZQ-RlMW1slt6rcWyPexympV8PWLlYR6hK6ARTSkLiDs5S8G3R7_nJYCkSTTjW7Zo90OwzOWU_foOH1NpU2_MkNFVRL4kW5ri3QDtRfhlv3ARi3xS1PNsdjnvqyi9b7rLGk4Dw0EBFt4xz1pZ6H3XXBqFei5kLnxI6KI7canSYMQc2Eq1P_CjGPlzSwHnd4AYk8XUE.MQ7C-LP3jvkeP9b_fUAHgsGZJrLFUmo8LUhVSNhrifY&dib_tag=se&keywords=best+electronics+gadgets&qid=1768898706&sr=8-13,Electronics,false
B0DMVJYLWY,"Ekoomar 32-in-1 Electronics Cleaning Kit - Keyboard, Phone, Computer & Laptop Cleaner Kit - Compatible for MacBook, AirPods & iPhone Charger Port Cleaning Tool - Tech Gadget Cleaner - White",,https://m.media-amazon.com/images/I/61rhZfD4l9L._AC_UY218_.jpg,https://www.amazon.com/Ekoomar-32-Electronics-Cleaning-Kit/dp/B0DMVJYLWY/ref=sr_1_14?dib=eyJ2IjoiMSJ9.2J6uFxYfRkAdIVufJ16t_W2Nzvp2HV4rvtb3MdZQ-RlMW1slt6rcWyPexympV8PWLlYR6hK6ARTSkLiDs5S8G3R7_nJYCkSTTjW7Zo90OwzOWU_foOH1NpU2_MkNFVRL4kW5ri3QDtRfhlv3ARi3xS1PNsdjnvqyi9b7rLGk4Dw0EBFt4xz1pZ6H3XXBqFei5kLnxI6KI7canSYMQc2Eq1P_CjGPlzSwHnd4AYk8XUE.MQ7C-LP3jvkeP9b_fUAHgsGZJrLFUmo8LUhVSNhrifY&dib_tag=se&keywords=best+electronics+gadgets&qid=1768898706&sr=8-14,Electronics,false
B0FR94B2LN,"buwy Gifts for Men Women, Cell Phone Stand with Wireless Bluetooth Speaker, Colorful LED Lights, Anti-Slip Base HD Surround Sound, Rechargeable (3000mAh), for Teens, Men, Women for Christmas",,https://m.media-amazon.com/images/I/71OpGptsHqL._AC_UY218_.jpg,https://www.amazon.com/buwy-Bluetooth-Anti-Slip-Rechargeable-Christmas/dp/B0FR94B2LN/ref=sr_1_15?dib=eyJ2IjoiMSJ9.2J6uFxYfRkAdIVufJ16t_W2Nzvp2HV4rvtb3MdZQ-RlMW1slt6rcWyPexympV8PWLlYR6hK6ARTSkLiDs5S8G3R7_nJYCkSTTjW7Zo90OwzOWU_foOH1NpU2_MkNFVRL4kW5ri3QDtRfhlv3ARi3xS1PNsdjnvqyi9b7rLGk4Dw0EBFt4xz1pZ6H3XXBqFei5kLnxI6KI7canSYMQc2Eq1P_CjGPlzSwHnd4AYk8XUE.MQ7C-LP3jvkeP9b_fUAHgsGZJrLFUmo8LUhVSNhrifY&dib_tag=se&keywords=best+electronics+gadgets&qid=1768898706&sr=8-15,Electronics,false
B0BWHJ1FNK,"Mixing Bowls with Airtight Lids Set, 26PCS Stainless Steel Khaki Bowls with Grater Attachments, Non-Slip Bottoms & Kitchen Gadgets Set, Size 7, 4, 2.5, 2.0,1.5, 1QT, Great for Mixing & Serving",,https://m.media-amazon.com/images/I/71XR3lo00cL._AC_UL320_.jpg,https://www.amazon.com/Airtight-Stainless-Attachments-Non-Slip-Bottoms/dp/B0BWHJ1FNK/ref=sr_1_1?dib=eyJ2IjoiMSJ9.NaTMoBQD4I8R6wvmFRU2ompOIzlSJdBsaBw41g7daMZl3Oo72TqiXQICCqYZI_PEi7mryQKPz9SKVoJ3KJzXbYpq169-uqSrN86PZxkFSGuvtrLnqOvKcm7kG4hDwLsm_UI_Ai9saHeb1iJCZuW-PB5XeGDvZpzp8kQlnjt9ZfCBlPyjaTNTUC_rMMQmwWH5XI7OboA_uf212CbazhIXKIOTfHp9e31QNTg4oXCT4RKQO8CA6YU435t0yv6VXL9938Ow7WHXA_bymTBK2MRoVs9FeByVS7kgeMfPZ8zxTNU.nhrnDO-_ZUsIcFxEwYiFSaA-oNc3EFQ4j99ENzbHV9U&dib_tag=se&keywords=home+kitchen+essentials&qid=1768898709&sr=8-1,Home,true
B0764M2JXY,"Amazon Basics 6 Piece Nonstick, Carbon Steel Oven Safe Bakeware Set with Cake, Muffin, Cookie, and Loaf Pans, 6 Piece, 16.25 x 11.75 x 6.25 inches",2762.42,https://m.media-amazon.com/images/I/91hBA6hLfuL._AC_UL320_.jpg,https://www.amazon.com/AmazonBasics-6-Piece-Nonstick-Bakeware-Baking/dp/B0764M2JXY/ref=sr_1_2?dib=eyJ2IjoiMSJ9.NaTMoBQD4I8R6wvmFRU2ompOIzlSJdBsaBw41g7daMZl3Oo72TqiXQICCqYZI_PEi7mryQKPz9SKVoJ3KJzXbYpq169-uqSrN86PZxkFSGuvtrLnqOvKcm7kG4hDwLsm_UI_Ai9saHeb1iJCZuW-PB5XeGDvZpzp8kQlnjt9ZfCBlPyjaTNTUC_rMMQmwWH5XI7OboA_uf212CbazhIXKIOTfHp9e31QNTg4oXCT4RKQO8CA6YU435t0yv6VXL9938Ow7WHXA_bymTBK2MRoVs9FeByVS7kgeMfPZ8zxTNU.nhrnDO-_ZUsIcFxEwYiFSaA-oNc3EFQ4j99ENzbHV9U&dib_tag=se&keywords=home+kitchen+essentials&qid=1768898709&sr=8-2,Home,true
B0C991SKFS,"Cooking Utensils Set- Umite Chef Khaki Silicone Kitchen Utensils Set, 34PCS Heat Resistant Kitchen Gadgets Tools Set with Grater, Wooden Handle Kitchen Spatula Set for Nonstick Cookware",,https://m.media-amazon.com/images/I/71Yl0c3HTeL._AC_UL320_.jpg,https://www.amazon.com/Utensils-Umite-Chef-Silicone-Resistant/dp/B0C991SKFS/ref=sr_1_3?dib=eyJ2IjoiMSJ9.NaTMoBQD4I8R6wvmFRU2ompOIzlSJdBsaBw41g7daMZl3Oo72TqiXQICCqYZI_PEi7mryQKPz9SKVoJ3KJzXbYpq169-uqSrN86PZxkFSGuvtrLnqOvKcm7kG4hDwLsm_UI_Ai9saHeb1iJCZuW-PB5XeGDvZpzp8kQlnjt9ZfCBlPyjaTNTUC_rMMQmwWH5XI7OboA_uf212CbazhIXKIOTfHp9e31QNTg4oXCT4RKQO8CA6YU435t0yv6VXL9938Ow7WHXA_bymTBK2MRoVs9FeByVS7kgeMfPZ8zxTNU.nhrnDO-_ZUsIcFxEwYiFSaA-oNc3EFQ4j99ENzbHV9U&dib_tag=se&keywords=home+kitchen+essentials&qid=1768898709&sr=8-3,Home,false
B0DJSQQ1ZW,Electric Salt and Pepper Grinder Set Automatic Battery Pepper Mill Shakers Adjustable Coarseness Upgraded Larger Capacity with Led Home and Kitchen Appliances Birthday Gifts for Women Mom,,https://m.media-amazon.com/images/I/71NpF4JP7HL._AC_UL320_.jpg,https://www.amazon.com/Electric-Automatic-Adjustable-Coarseness-Upgraded/dp/B0DJSQQ1ZW/ref=sr_1_4?dib=eyJ2IjoiMSJ9.NaTMoBQD4I8R6wvmFRU2ompOIzlSJdBsaBw41g7daMZl3Oo72TqiXQICCqYZI_PEi7mryQKPz9SKVoJ3KJzXbYpq169-uqSrN86PZxkFSGuvtrLnqOvKcm7kG4hDwLsm_UI_Ai9saHeb1iJCZuW-PB5XeGDvZpzp8kQlnjt9ZfCBlPyjaTNTUC_rMMQmwWH5XI7OboA_uf212CbazhIXKIOTfHp9e31QNTg4oXCT4RKQO8CA6YU435t0yv6VXL9938Ow7WHXA_bymTBK2MRoVs9FeByVS7kgeMfPZ8zxTNU.nhrnDO-_ZUsIcFxEwYiFSaA-oNc3EFQ4j99ENzbHV9U&dib_tag=se&keywords=home+kitchen+essentials&qid=1768898709&sr=8-4,Home,false
B08N9Q24M9,"Mueller The Real Original Pro Chopper since 2013 Vegetable Chopper Mandoline Slicer, 8 Blade Food Veggie Chopper Onion Vegetable Cutter with Container, Kitchen Gadgets & Essentials, (10 in 1)",,https://m.media-amazon.com/images/I/81R-ndq2iML._AC_UL320_.jpg,https://www.amazon.com/Mueller-Austria-Vegetable-Chopper-Mandoline/dp/B08N9Q24M9/ref=sr_1_5?dib=eyJ2IjoiMSJ9.NaTMoBQD4I8R6wvmFRU2ompOIzlSJdBsaBw41g7daMZl3Oo72TqiXQICCqYZI_PEi7mryQKPz9SKVoJ3KJzXbYpq169-uqSrN86PZxkFSGuvtrLnqOvKcm7kG4hDwLsm_UI_Ai9saHeb1iJCZuW-PB5XeGDvZpzp8kQlnjt9ZfCBlPyjaTNTUC_rMMQmwWH5XI7OboA_uf212CbazhIXKIOTfHp9e31QNTg4oXCT4RKQO8CA6YU435t0yv6VXL9938Ow7WHXA_bymTBK2MRoVs9FeByVS7kgeMfPZ8zxTNU.nhrnDO-_ZUsIcFxEwYiFSaA-oNc3EFQ4j99ENzbHV9U&dib_tag=se&keywords=home+kitchen+essentials&qid=1768898709&sr=8-5,Home,false
B0CJF94M8J,"TrendPlain 16oz/470ml Glass Olive Oil Sprayer for Cooking – 2 in 1 Olive Oil Dispenser Bottle for Kitchen Gadgets and Air Fryer Accessories, Salad, BBQ - Black",,https://m.media-amazon.com/images/I/71fHCOxxqXL._AC_UL320_.jpg,https://www.amazon.com/TrendPlain-16oz-Dispenser-Bottle-Kitchen/dp/B0CJF94M8J/ref=sr_1_6?dib=eyJ2IjoiMSJ9.NaTMoBQD4I8R6wvmFRU2ompOIzlSJdBsaBw41g7daMZl3Oo72TqiXQICCqYZI_PEi7mryQKPz9SKVoJ3KJzXbYpq169-uqSrN86PZxkFSGuvtrLnqOvKcm7kG4hDwLsm_UI_Ai9saHeb1iJCZuW-PB5XeGDvZpzp8kQlnjt9ZfCBlPyjaTNTUC_rMMQmwWH5XI7OboA_uf212CbazhIXKIOTfHp9e31QNTg4oXCT4RKQO8CA6YU435t0yv6VXL9938Ow7WHXA_bymTBK2MRoVs9FeByVS7kgeMfPZ8zxTNU.nhrnDO-_ZUsIcFxEwYiFSaA-oNc3EFQ4j99ENzbHV9U&dib_tag=se&keywords=home+kitchen+essentials&qid=1768898709&sr=8-6,Home,false
B0CGRGRXPY,"SURETIVIAN Chicken Shredder Large Chicken Breast Shredder Tool Twist with Brush&Fork, Visible Meat Shredder Machine, Strong Anti-Slip Strip, Ergonomic Handle, BPA Free, Suitable for Pork Beef Chicken",,https://m.media-amazon.com/images/I/71d6vBNDknL._AC_UL320_.jpg,https://www.amazon.com/SURETIVIAN-Shredder-Anti-Slip-Ergonomic-Suitable/dp/B0CGRGRXPY/ref=sr_1_7?dib=eyJ2IjoiMSJ9.NaTMoBQD4I8R6wvmFRU2ompOIzlSJdBsaBw41g7daMZl3Oo72TqiXQICCqYZI_PEi7mryQKPz9SKVoJ3KJzXbYpq169-uqSrN86PZxkFSGuvtrLnqOvKcm7kG4hDwLsm_UI_Ai9saHeb1iJCZuW-PB5XeGDvZpzp8kQlnjt9ZfCBlPyjaTNTUC_rMMQmwWH5XI7OboA_uf212CbazhIXKIOTfHp9e31QNTg4oXCT4RKQO8CA6YU435t0yv6VXL9938Ow7WHXA_bymTBK2MRoVs9FeByVS7kgeMfPZ8zxTNU.nhrnDO-_ZUsIcFxEwYiFSaA-oNc3EFQ4j99ENzbHV9U&dib_tag=se&keywords=home+kitchen+essentials&qid=1768898709&sr=8-7,Home,false
B0F5X4FM3Q,"0.5 Sec Instant Read Meat Thermometer Digital with ±0.5℉ Precision, Food Thermometer for Cooking Kitchen Gadgets, Oven Grill Candy BBQ Essentials Accessories, Gifts for Him Dad Men Birthday, Red",,https://m.media-amazon.com/images/I/61is4F1PDOL._AC_UL320_.jpg,https://www.amazon.com/Thermometer-Precision-Essentials-Accessories-Birthday/dp/B0F5X4FM3Q/ref=sr_1_8?dib=eyJ2IjoiMSJ9.NaTMoBQD4I8R6wvmFRU2ompOIzlSJdBsaBw41g7daMZl3Oo72TqiXQICCqYZI_PEi7mryQKPz9SKVoJ3KJzXbYpq169-uqSrN86PZxkFSGuvtrLnqOvKcm7kG4hDwLsm_UI_Ai9saHeb1iJCZuW-PB5XeGDvZpzp8kQlnjt9ZfCBlPyjaTNTUC_rMMQmwWH5XI7OboA_uf212CbazhIXKIOTfHp9e31QNTg4oXCT4RKQO8CA6YU435t0yv6VXL9938Ow7WHXA_bymTBK2MRoVs9FeByVS7kgeMfPZ8zxTNU.nhrnDO-_ZUsIcFxEwYiFSaA-oNc3EFQ4j99ENzbHV9U&dib_tag=se&keywords=home+kitchen+essentials&qid=1768898709&sr=8-8,Home,false
B07PZF3QS3,"KitchenAid All Purpose Kitchen Shears with Protective Sheath Durable Stainless Steel Scissors, Dishwasher Safe, Soft Grip Comfort Handle, 8.72 Inch, Black",726.28,https://m.media-amazon.com/images/I/51Byq+vTy1L._AC_UL320_.jpg,https://www.amazon.com/KitchenAid-Protective-Dishwasher-Stainless-8-72-Inch/dp/B07PZF3QS3/ref=sr_1_9?dib=eyJ2IjoiMSJ9.NaTMoBQD4I8R6wvmFRU2ompOIzlSJdBsaBw41g7daMZl3Oo72TqiXQICCqYZI_PEi7mryQKPz9SKVoJ3KJzXbYpq169-uqSrN86PZxkFSGuvtrLnqOvKcm7kG4hDwLsm_UI_Ai9saHeb1iJCZuW-PB5XeGDvZpzp8kQlnjt9ZfCBlPyjaTNTUC_rMMQmwWH5XI7OboA_uf212CbazhIXKIOTfHp9e31QNTg4oXCT4RKQO8CA6YU435t0yv6VXL9938Ow7WHXA_bymTBK2MRoVs9FeByVS7kgeMfPZ8zxTNU.nhrnDO-_ZUsIcFxEwYiFSaA-oNc3EFQ4j99ENzbHV9U&dib_tag=se&keywords=home+kitchen+essentials&qid=1768898709&sr=8-9,Home,false
B08JKXDFQ9,"Meat Chopper, Hamburger Grinder, Premium Heat Resistant Smasher for Ground Beef, Burger Grinder Nylon Potato Mix Tool, Meat & Poultry Tenderizers-Black",,https://m.media-amazon.com/images/I/61FoHl7OBqL._AC_UL320_.jpg,https://www.amazon.com/Chopper-Hamburger-Premium-Resistant-Smasher/dp/B08JKXDFQ9/ref=sr_1_10?dib=eyJ2IjoiMSJ9.NaTMoBQD4I8R6wvmFRU2ompOIzlSJdBsaBw41g7daMZl3Oo72TqiXQICCqYZI_PEi7mryQKPz9SKVoJ3KJzXbYpq169-uqSrN86PZxkFSGuvtrLnqOvKcm7kG4hDwLsm_UI_Ai9saHeb1iJCZuW-PB5XeGDvZpzp8kQlnjt9ZfCBlPyjaTNTUC_rMMQmwWH5XI7OboA_uf212CbazhIXKIOTfHp9e31QNTg4oXCT4RKQO8CA6YU435t0yv6VXL9938Ow7WHXA_bymTBK2MRoVs9FeByVS7kgeMfPZ8zxTNU.nhrnDO-_ZUsIcFxEwYiFSaA-oNc3EFQ4j99ENzbHV9U&dib_tag=se&keywords=home+kitchen+essentials&qid=1768898709&sr=8-10,Home,false
B00M2J7PCI,"Pyrex Essentials (3-Pack) Glass Measuring Cups Set, (1, 2 & 4 Cup) Measuring Cups For Prepping, Baking and Cooking, Preheated Oven, Dishwasher, Freezer, and Microwave Safe",2362.47,https://m.media-amazon.com/images/I/71ygLu2o0OL._AC_UL320_.jpg,https://www.amazon.com/Pyrex-Measuring-Cups-3-Piece-Clear/dp/B00M2J7PCI/ref=sr_1_11?dib=eyJ2IjoiMSJ9.NaTMoBQD4I8R6wvmFRU2ompOIzlSJdBsaBw41g7daMZl3Oo72TqiXQICCqYZI_PEi7mryQKPz9SKVoJ3KJzXbYpq169-uqSrN86PZxkFSGuvtrLnqOvKcm7kG4hDwLsm_UI_Ai9saHeb1iJCZuW-PB5XeGDvZpzp8kQlnjt9ZfCBlPyjaTNTUC_rMMQmwWH5XI7OboA_uf212CbazhIXKIOTfHp9e31QNTg4oXCT4RKQO8CA6YU435t0yv6VXL9938Ow7WHXA_bymTBK2MRoVs9FeByVS7kgeMfPZ8zxTNU.nhrnDO-_ZUsIcFxEwYiFSaA-oNc3EFQ4j99ENzbHV9U&dib_tag=se&keywords=home+kitchen+essentials&qid=1768898709&sr=8-11,Home,false
B0CQ2MCJ6W,"Trivets for Hot Dishes, Hot Pads for Kitchen, 7'' Trivets for Hot Pots and Pans, Pot Holders for Kitchen, Pot Holders Heat Resistant 4-Pcs, Kitchen Essentials for New Home",,https://m.media-amazon.com/images/I/81yqLRvC-5L._AC_UL320_.jpg,https://www.amazon.com/Trivets-Kitchen-Holders-Resistant-Essentials/dp/B0CQ2MCJ6W/ref=sr_1_12?dib=eyJ2IjoiMSJ9.NaTMoBQD4I8R6wvmFRU2ompOIzlSJdBsaBw41g7daMZl3Oo72TqiXQICCqYZI_PEi7mryQKPz9SKVoJ3KJzXbYpq169-uqSrN86PZxkFSGuvtrLnqOvKcm7kG4hDwLsm_UI_Ai9saHeb1iJCZuW-PB5XeGDvZpzp8kQlnjt9ZfCBlPyjaTNTUC_rMMQmwWH5XI7OboA_uf212CbazhIXKIOTfHp9e31QNTg4oXCT4RKQO8CA6YU435t0yv6VXL9938Ow7WHXA_bymTBK2MRoVs9FeByVS7kgeMfPZ8zxTNU.nhrnDO-_ZUsIcFxEwYiFSaA-oNc3EFQ4j99ENzbHV9U&dib_tag=se&keywords=home+kitchen+essentials&qid=1768898709&sr=8-12,Home,false
B0CGWQ53L3,"Umite Chef Mixing Bowls with Airtight Lids Set, 8PCS Stainless Steel Khaki Nesting Bowls with Grater Attachments, Kitchen Bowls with Non-Slip Bottoms, Size 5, 4, 3.5, 2, 1.5QT for Mixing & Serving",,https://m.media-amazon.com/images/I/71NsPQ4s+YL._AC_UL320_.jpg,https://www.amazon.com/Umite-Chef-Airtight-Stainless-Attachments/dp/B0CGWQ53L3/ref=sr_1_13?dib=eyJ2IjoiMSJ9.NaTMoBQD4I8R6wvmFRU2ompOIzlSJdBsaBw41g7daMZl3Oo72TqiXQICCqYZI_PEi7mryQKPz9SKVoJ3KJzXbYpq169-uqSrN86PZxkFSGuvtrLnqOvKcm7kG4hDwLsm_UI_Ai9saHeb1iJCZuW-PB5XeGDvZpzp8kQlnjt9ZfCBlPyjaTNTUC_rMMQmwWH5XI7OboA_uf212CbazhIXKIOTfHp9e31QNTg4oXCT4RKQO8CA6YU435t0yv6VXL9938Ow7WHXA_bymTBK2MRoVs9FeByVS7kgeMfPZ8zxTNU.nhrnDO-_ZUsIcFxEwYiFSaA-oNc3EFQ4j99ENzbHV9U&dib_tag=se&keywords=home+kitchen+essentials&qid=1768898709&sr=8-13,Home,false
B0CJ1B6D6S,"Scrub Daddy Scrub Mommy Sponges - Dish Scrubber + Non-Scratch Cleaning Sponges Kitchen, Bathroom + Multi-Surface Safe - Dual-Sided Dish Sponges for Scrubbing - Online Exclusive (3 Count)",,https://m.media-amazon.com/images/I/71kiOOs1MGL._AC_UL320_.jpg,https://www.amazon.com/Scrub-Daddy-Mommy-Non-Scratch-Multi-Surface/dp/B0CJ1B6D6S/ref=sr_1_14?dib=eyJ2IjoiMSJ9.NaTMoBQD4I8R6wvmFRU2ompOIzlSJdBsaBw41g7daMZl3Oo72TqiXQICCqYZI_PEi7mryQKPz9SKVoJ3KJzXbYpq169-uqSrN86PZxkFSGuvtrLnqOvKcm7kG4hDwLsm_UI_Ai9saHeb1iJCZuW-PB5XeGDvZpzp8kQlnjt9ZfCBlPyjaTNTUC_rMMQmwWH5XI7OboA_uf212CbazhIXKIOTfHp9e31QNTg4oXCT4RKQO8CA6YU435t0yv6VXL9938Ow7WHXA_bymTBK2MRoVs9FeByVS7kgeMfPZ8zxTNU.nhrnDO-_ZUsIcFxEwYiFSaA-oNc3EFQ4j99ENzbHV9U&dib_tag=se&keywords=home+kitchen+essentials&qid=1768898709&sr=8-14,Home,false
B07PVBS863,"Zulay Kitchen Spoon Rest for Multiple Utensils High Heat-Resistant Silicone Drip Pad, BPA-Free Spoon Holder for Stove Top, Kitchen Gadget Holder for Ladles, Tongs, Cooking Spatula - Makes Great Gift",,https://m.media-amazon.com/images/I/71wvVLKByeL._AC_UL320_.jpg,https://www.amazon.com/Silicone-Utensil-Rest-Multiple-Heat-Resistant/dp/B07PVBS863/ref=sr_1_15?dib=eyJ2IjoiMSJ9.NaTMoBQD4I8R6wvmFRU2ompOIzlSJdBsaBw41g7daMZl3Oo72TqiXQICCqYZI_PEi7mryQKPz9SKVoJ3KJzXbYpq169-uqSrN86PZxkFSGuvtrLnqOvKcm7kG4hDwLsm_UI_Ai9saHeb1iJCZuW-PB5XeGDvZpzp8kQlnjt9ZfCBlPyjaTNTUC_rMMQmwWH5XI7OboA_uf212CbazhIXKIOTfHp9e31QNTg4oXCT4RKQO8CA6YU435t0yv6VXL9938Ow7WHXA_bymTBK2MRoVs9FeByVS7kgeMfPZ8zxTNU.nhrnDO-_ZUsIcFxEwYiFSaA-oNc3EFQ4j99ENzbHV9U&dib_tag=se&keywords=home+kitchen+essentials&qid=1768898709&sr=8-15,Home,false
B0FQBYPZD1,LILLUSORY Womens 2 Piece Matching Lounge Sets 2025 Fall Fashion Knit Sweater Airport Travel Vacation Outfits Gym Sweatsuits,,https://m.media-amazon.com/images/I/61xrsiPLGmL._AC_UL320_.jpg,https://www.amazon.com/LILLUSORY-Matching-Fashion-Vacation-Sweatsuits/dp/B0FQBYPZD1/ref=sr_1_1?dib=eyJ2IjoiMSJ9.oGVCOwo1DNcN9sWlIpEM79jIq9vtcscM4k1rk6wjSiIrppwU6yEjOxmC6_AinvaLas-TikLbz_JxB7x_rQl4infTH4s-SDghHlIyo21YYGME0cm66KR68bgD73D_ZXpb6qh6xVrG9rXATFWwCvP-xjqj7GwQ3P92J4AdhWitEnXUo_C7OfXz6PRG75xvaAsvRJVNChKBJS6uoYz4iu1r7G1K1cwO5Umjh-gy-Z_cQ_1uwtwqe0Yl4UFABRvoq-fgGd95aRJ2YMtIUdCXxQ_gFKESZl1IBFydsFNwlVRlbek.TMfRzRqnOOYBhBHwTr0aVIWJdTmfEDYxk5H02DAJIXA&dib_tag=se&keywords=latest+fashion+trends+clothing&qid=1768898712&sr=8-1,Fashion,true
B0F9P16CY6,EVALESS Sweaters for Women Long Sleeve Fall Outfits 2025 Back Bow Knot Sweaters Round Neck Solid Knit Pullover Tops,,https://m.media-amazon.com/images/I/71X4T0UMMRL._AC_UL320_.jpg,https://www.amazon.com/EVALESS-Sweaters-Fashion-Clothing-Pullover/dp/B0F9P16CY6/ref=sr_1_2?dib=eyJ2IjoiMSJ9.oGVCOwo1DNcN9sWlIpEM79jIq9vtcscM4k1rk6wjSiIrppwU6yEjOxmC6_AinvaLas-TikLbz_JxB7x_rQl4infTH4s-SDghHlIyo21YYGME0cm66KR68bgD73D_ZXpb6qh6xVrG9rXATFWwCvP-xjqj7GwQ3P92J4AdhWitEnXUo_C7OfXz6PRG75xvaAsvRJVNChKBJS6uoYz4iu1r7G1K1cwO5Umjh-gy-Z_cQ_1uwtwqe0Yl4UFABRvoq-fgGd95aRJ2YMtIUdCXxQ_gFKESZl1IBFydsFNwlVRlbek.TMfRzRqnOOYBhBHwTr0aVIWJdTmfEDYxk5H02DAJIXA&dib_tag=se&keywords=latest+fashion+trends+clothing&qid=1768898712&sr=8-2,Fashion,true
B0F6XJDNW2,SAMPEEL Sweaters for Women Long Sleeve Shirts V Neck Tops with Buttons Fall Fashion Outfits Winter Clothing 2025,,https://m.media-amazon.com/images/I/81dwIpze56L._AC_UL320_.jpg,https://www.amazon.com/Sampeel-Sweaters-Fashion-Clothes-Business/dp/B0F6XJDNW2/ref=sr_1_3?dib=eyJ2IjoiMSJ9.oGVCOwo1DNcN9sWlIpEM79jIq9vtcscM4k1rk6wjSiIrppwU6yEjOxmC6_AinvaLas-TikLbz_JxB7x_rQl4infTH4s-SDghHlIyo21YYGME0cm66KR68bgD73D_ZXpb6qh6xVrG9rXATFWwCvP-xjqj7GwQ3P92J4AdhWitEnXUo_C7OfXz6PRG75xvaAsvRJVNChKBJS6uoYz4iu1r7G1K1cwO5Umjh-gy-Z_cQ_1uwtwqe0Yl4UFABRvoq-fgGd95aRJ2YMtIUdCXxQ_gFKESZl1IBFydsFNwlVRlbek.TMfRzRqnOOYBhBHwTr0aVIWJdTmfEDYxk5H02DAJIXA&dib_tag=se&keywords=latest+fashion+trends+clothing&qid=1768898712&sr=8-3,Fashion,false
B0F7XTZMGB,SAMPEEL Womens Sweaters Lightweight Long Sleeve Shirts V Neck Tops with Button Fall Outfits 2025,,https://m.media-amazon.com/images/I/81UiaP3QQBL._AC_UL320_.jpg,https://www.amazon.com/Sampeel-Outfits-Fashion-Sweaters-Clothing/dp/B0F7XTZMGB/ref=sr_1_4?dib=eyJ2IjoiMSJ9.oGVCOwo1DNcN9sWlIpEM79jIq9vtcscM4k1rk6wjSiIrppwU6yEjOxmC6_AinvaLas-TikLbz_JxB7x_rQl4infTH4s-SDghHlIyo21YYGME0cm66KR68bgD73D_ZXpb6qh6xVrG9rXATFWwCvP-xjqj7GwQ3P92J4AdhWitEnXUo_C7OfXz6PRG75xvaAsvRJVNChKBJS6uoYz4iu1r7G1K1cwO5Umjh-gy-Z_cQ_1uwtwqe0Yl4UFABRvoq-fgGd95aRJ2YMtIUdCXxQ_gFKESZl1IBFydsFNwlVRlbek.TMfRzRqnOOYBhBHwTr0aVIWJdTmfEDYxk5H02DAJIXA&dib_tag=se&keywords=latest+fashion+trends+clothing&qid=1768898712&sr=8-4,Fashion,false
B0F9FKP186,"SAMPEEL Women's V Neck Color Block Long Sleeve Shirts–Casual Fall Tops, Lightweight Tunic Sweaters Fashion Outfits 2025",,https://m.media-amazon.com/images/I/81oThxtrLmL._AC_UL320_.jpg,https://www.amazon.com/Sampeel-Sweaters-Trendy-Fashion-Outfits/dp/B0F9FKP186/ref=sr_1_5?dib=eyJ2IjoiMSJ9.oGVCOwo1DNcN9sWlIpEM79jIq9vtcscM4k1rk6wjSiIrppwU6yEjOxmC6_AinvaLas-TikLbz_JxB7x_rQl4infTH4s-SDghHlIyo21YYGME0cm66KR68bgD73D_ZXpb6qh6xVrG9rXATFWwCvP-xjqj7GwQ3P92J4AdhWitEnXUo_C7OfXz6PRG75xvaAsvRJVNChKBJS6uoYz4iu1r7G1K1cwO5Umjh-gy-Z_cQ_1uwtwqe0Yl4UFABRvoq-fgGd95aRJ2YMtIUdCXxQ_gFKESZl1IBFydsFNwlVRlbek.TMfRzRqnOOYBhBHwTr0aVIWJdTmfEDYxk5H02DAJIXA&dib_tag=se&keywords=latest+fashion+trends+clothing&qid=1768898712&sr=8-5,Fashion,false
B0D6F9YQFW,WIHOLL Womens Polo Shirts Long Sleeve Business Casual Tops Collared V Neck Ribbed Knit Sweater Slim Fit Blouses,,https://m.media-amazon.com/images/I/61bBou25kXL._AC_UL320_.jpg,https://www.amazon.com/WIHOLL-Womens-Business-Casual-Thermal/dp/B0D6F9YQFW/ref=sr_1_6?dib=eyJ2IjoiMSJ9.oGVCOwo1DNcN9sWlIpEM79jIq9vtcscM4k1rk6wjSiIrppwU6yEjOxmC6_AinvaLas-TikLbz_JxB7x_rQl4infTH4s-SDghHlIyo21YYGME0cm66KR68bgD73D_ZXpb6qh6xVrG9rXATFWwCvP-xjqj7GwQ3P92J4AdhWitEnXUo_C7OfXz6PRG75xvaAsvRJVNChKBJS6uoYz4iu1r7G1K1cwO5Umjh-gy-Z_cQ_1uwtwqe0Yl4UFABRvoq-fgGd95aRJ2YMtIUdCXxQ_gFKESZl1IBFydsFNwlVRlbek.TMfRzRqnOOYBhBHwTr0aVIWJdTmfEDYxk5H02DAJIXA&dib_tag=se&keywords=latest+fashion+trends+clothing&qid=1768898712&sr=8-6,Fashion,false
B0FHPCK8BB,WYNNQUE Womens Long Sleeve Shirts Business Casual Outfits Dressy Tops Blouses Henley V Neck Fall Clothes,,https://m.media-amazon.com/images/I/71vS1jGLv7L._AC_UL320_.jpg,https://www.amazon.com/WYNNQUE-Business-Outfits-Blouses-Clothes/dp/B0FHPCK8BB/ref=sr_1_7?dib=eyJ2IjoiMSJ9.oGVCOwo1DNcN9sWlIpEM79jIq9vtcscM4k1rk6wjSiIrppwU6yEjOxmC6_AinvaLas-TikLbz_JxB7x_rQl4infTH4s-SDghHlIyo21YYGME0cm66KR68bgD73D_ZXpb6qh6xVrG9rXATFWwCvP-xjqj7GwQ3P92J4AdhWitEnXUo_C7OfXz6PRG75xvaAsvRJVNChKBJS6uoYz4iu1r7G1K1cwO5Umjh-gy-Z_cQ_1uwtwqe0Yl4UFABRvoq-fgGd95aRJ2YMtIUdCXxQ_gFKESZl1IBFydsFNwlVRlbek.TMfRzRqnOOYBhBHwTr0aVIWJdTmfEDYxk5H02DAJIXA&dib_tag=se&keywords=latest+fashion+trends+clothing&qid=1768898712&sr=8-7,Fashion,false
B0D6BR7459,LILLUSORY Womens Striped Soft Knit Pullover Sweater Loose Fit Shirts with Chest Pocket,,https://m.media-amazon.com/images/I/81q71aBITgL._AC_UL320_.jpg,https://www.amazon.com/LILLUSORY-Oversized-Sweaters-Lightweight-Pullover/dp/B0D6BR7459/ref=sr_1_8?dib=eyJ2IjoiMSJ9.oGVCOwo1DNcN9sWlIpEM79jIq9vtcscM4k1rk6wjSiIrppwU6yEjOxmC6_AinvaLas-TikLbz_JxB7x_rQl4infTH4s-SDghHlIyo21YYGME0cm66KR68bgD73D_ZXpb6qh6xVrG9rXATFWwCvP-xjqj7GwQ3P92J4AdhWitEnXUo_C7OfXz6PRG75xvaAsvRJVNChKBJS6uoYz4iu1r7G1K1cwO5Umjh-gy-Z_cQ_1uwtwqe0Yl4UFABRvoq-fgGd95aRJ2YMtIUdCXxQ_gFKESZl1IBFydsFNwlVRlbek.TMfRzRqnOOYBhBHwTr0aVIWJdTmfEDYxk5H02DAJIXA&dib_tag=se&keywords=latest+fashion+trends+clothing&qid=1768898712&sr=8-8,Fashion,false
B0FJ74QBG3,EVALESS Womens Sweaters V Neck Long Sleeve Quarter Zip Collared Ribbed Knit Dressy Casual Pullover Sweaters Outfits,,https://m.media-amazon.com/images/I/71WBL5ud3eL._AC_UL320_.jpg,https://www.amazon.com/EVALESS-Quarter-Pullover-Sweaters-Fashion/dp/B0FJ74QBG3/ref=sr_1_9?dib=eyJ2IjoiMSJ9.oGVCOwo1DNcN9sWlIpEM79jIq9vtcscM4k1rk6wjSiIrppwU6yEjOxmC6_AinvaLas-TikLbz_JxB7x_rQl4infTH4s-SDghHlIyo21YYGME0cm66KR68bgD73D_ZXpb6qh6xVrG9rXATFWwCvP-xjqj7GwQ3P92J4AdhWitEnXUo_C7OfXz6PRG75xvaAsvRJVNChKBJS6uoYz4iu1r7G1K1cwO5Umjh-gy-Z_cQ_1uwtwqe0Yl4UFABRvoq-fgGd95aRJ2YMtIUdCXxQ_gFKESZl1IBFydsFNwlVRlbek.TMfRzRqnOOYBhBHwTr0aVIWJdTmfEDYxk5H02DAJIXA&dib_tag=se&keywords=latest+fashion+trends+clothing&qid=1768898712&sr=8-9,Fashion,false
B0CYNX7DCJ,ATHMILE Womens Long Sleeve Shirts Basic Tee Fall Trendy Spring Top Business Casual Beach Vacation Workout 2026 Fashion,,https://m.media-amazon.com/images/I/619DPwhENWL._AC_UL320_.jpg,https://www.amazon.com/ATHMILE-Womens-Fashion-Clothes-Outfits/dp/B0CYNX7DCJ/ref=sr_1_10?dib=eyJ2IjoiMSJ9.oGVCOwo1DNcN9sWlIpEM79jIq9vtcscM4k1rk6wjSiIrppwU6yEjOxmC6_AinvaLas-TikLbz_JxB7x_rQl4infTH4s-SDghHlIyo21YYGME0cm66KR68bgD73D_ZXpb6qh6xVrG9rXATFWwCvP-xjqj7GwQ3P92J4AdhWitEnXUo_C7OfXz6PRG75xvaAsvRJVNChKBJS6uoYz4iu1r7G1K1cwO5Umjh-gy-Z_cQ_1uwtwqe0Yl4UFABRvoq-fgGd95aRJ2YMtIUdCXxQ_gFKESZl1IBFydsFNwlVRlbek.TMfRzRqnOOYBhBHwTr0aVIWJdTmfEDYxk5H02DAJIXA&dib_tag=se&keywords=latest+fashion+trends+clothing&qid=1768898712&sr=8-10,Fashion,false
B0D49FC5N3,Dokotoo Long Sleeve Tops Oversized 2025 Trendy Round Crew Neck Casual Color Block Womens Shirts Blouses,,https://m.media-amazon.com/images/I/714RE6fnFAL._AC_UL320_.jpg,https://www.amazon.com/Dokotoo-Sweatshirt-Business-Oversized-Colorblock/dp/B0D49FC5N3/ref=sr_1_11?dib=eyJ2IjoiMSJ9.oGVCOwo1DNcN9sWlIpEM79jIq9vtcscM4k1rk6wjSiIrppwU6yEjOxmC6_AinvaLas-TikLbz_JxB7x_rQl4infTH4s-SDghHlIyo21YYGME0cm66KR68bgD73D_ZXpb6qh6xVrG9rXATFWwCvP-xjqj7GwQ3P92J4AdhWitEnXUo_C7OfXz6PRG75xvaAsvRJVNChKBJS6uoYz4iu1r7G1K1cwO5Umjh-gy-Z_cQ_1uwtwqe0Yl4UFABRvoq-fgGd95aRJ2YMtIUdCXxQ_gFKESZl1IBFydsFNwlVRlbek.TMfRzRqnOOYBhBHwTr0aVIWJdTmfEDYxk5H02DAJIXA&dib_tag=se&keywords=latest+fashion+trends+clothing&qid=1768898712&sr=8-11,Fashion,false
B0FHQGZP68,Allimy Womens Long Sleeve Hollow Out Crochet Crewneck Knitted Top Blouses Cover Up,,https://m.media-amazon.com/images/I/816NfIvwxYL._AC_UL320_.jpg,https://www.amazon.com/Allimy-Crewneck-Pointelle-Sweaters-Pullovers/dp/B0FHQGZP68/ref=sr_1_12?dib=eyJ2IjoiMSJ9.oGVCOwo1DNcN9sWlIpEM79jIq9vtcscM4k1rk6wjSiIrppwU6yEjOxmC6_AinvaLas-TikLbz_JxB7x_rQl4infTH4s-SDghHlIyo21YYGME0cm66KR68bgD73D_ZXpb6qh6xVrG9rXATFWwCvP-xjqj7GwQ3P92J4AdhWitEnXUo_C7OfXz6PRG75xvaAsvRJVNChKBJS6uoYz4iu1r7G1K1cwO5Umjh-gy-Z_cQ_1uwtwqe0Yl4UFABRvoq-fgGd95aRJ2YMtIUdCXxQ_gFKESZl1IBFydsFNwlVRlbek.TMfRzRqnOOYBhBHwTr0aVIWJdTmfEDYxk5H02DAJIXA&dib_tag=se&keywords=latest+fashion+trends+clothing&qid=1768898712&sr=8-12,Fashion,false
B0FJFVSC46,"Acelitt Women Casual Color Block Long Sleeve V Neck Waffle Knit Shirts Tops,S-XXL",,https://m.media-amazon.com/images/I/810lyiMqsbL._AC_UL320_.jpg,https://www.amazon.com/Acelitt-Womens-Casual-Fashion-Contrast/dp/B0FJFVSC46/ref=sr_1_13?dib=eyJ2IjoiMSJ9.oGVCOwo1DNcN9sWlIpEM79jIq9vtcscM4k1rk6wjSiIrppwU6yEjOxmC6_AinvaLas-TikLbz_JxB7x_rQl4infTH4s-SDghHlIyo21YYGME0cm66KR68bgD73D_ZXpb6qh6xVrG9rXATFWwCvP-xjqj7GwQ3P92J4AdhWitEnXUo_C7OfXz6PRG75xvaAsvRJVNChKBJS6uoYz4iu1r7G1K1cwO5Umjh-gy-Z_cQ_1uwtwqe0Yl4UFABRvoq-fgGd95aRJ2YMtIUdCXxQ_gFKESZl1IBFydsFNwlVRlbek.TMfRzRqnOOYBhBHwTr0aVIWJdTmfEDYxk5H02DAJIXA&dib_tag=se&keywords=latest+fashion+trends+clothing&qid=1768898712&sr=8-13,Fashion,false
B0FN7RGP2J,Dokotoo Women's Full Zip Up Hoodies Waffle Knit Long Sleeve Drawstring Casual Sweatshirt Hooded Tops,,https://m.media-amazon.com/images/I/71D72zCLb-L._AC_UL320_.jpg,https://www.amazon.com/Dokotoo-Hoodies-Sweatshirt-Apricot-Sweatshirts/dp/B0FN7RGP2J/ref=sr_1_14?dib=eyJ2IjoiMSJ9.oGVCOwo1DNcN9sWlIpEM79jIq9vtcscM4k1rk6wjSiIrppwU6yEjOxmC6_AinvaLas-TikLbz_JxB7x_rQl4infTH4s-SDghHlIyo21YYGME0cm66KR68bgD73D_ZXpb6qh6xVrG9rXATFWwCvP-xjqj7GwQ3P92J4AdhWitEnXUo_C7OfXz6PRG75xvaAsvRJVNChKBJS6uoYz4iu1r7G1K1cwO5Umjh-gy-Z_cQ_1uwtwqe0Yl4UFABRvoq-fgGd95aRJ2YMtIUdCXxQ_gFKESZl1IBFydsFNwlVRlbek.TMfRzRqnOOYBhBHwTr0aVIWJdTmfEDYxk5H02DAJIXA&dib_tag=se&keywords=latest+fashion+trends+clothing&qid=1768898712&sr=8-14,Fashion,false
B0FH4PV9RF,WIHOLL Long Sleeve Shirts for Women Fall Fashion Thermal Shirts Rib Knit Winter Clothing Warm Undershirts Basic T-Shirts,,https://m.media-amazon.com/images/I/817A4CtXjYL._AC_UL320_.jpg,https://www.amazon.com/Clothes-Sweaters-Fashion-Undershirt-Clothing/dp/B0FH4PV9RF/ref=sr_1_15?dib=eyJ2IjoiMSJ9.oGVCOwo1DNcN9sWlIpEM79jIq9vtcscM4k1rk6wjSiIrppwU6yEjOxmC6_AinvaLas-TikLbz_JxB7x_rQl4infTH4s-SDghHlIyo21YYGME0cm66KR68bgD73D_ZXpb6qh6xVrG9rXATFWwCvP-xjqj7GwQ3P92J4AdhWitEnXUo_C7OfXz6PRG75xvaAsvRJVNChKBJS6uoYz4iu1r7G1K1cwO5Umjh-gy-Z_cQ_1uwtwqe0Yl4UFABRvoq-fgGd95aRJ2YMtIUdCXxQ_gFKESZl1IBFydsFNwlVRlbek.TMfRzRqnOOYBhBHwTr0aVIWJdTmfEDYxk5H02DAJIXA&dib_tag=se&keywords=latest+fashion+trends+clothing&qid=1768898712&sr=8-15,Fashion,false
B07ZVXK5K9,"e.l.f. Skin Holy Hydration! Jet Set Travel-Friendly Hydrating Skincare Kit with Cleanser, Balm, Moisturizer, Eye & Night Cream, Vegan & Cruelty-Free",1481.65,https://m.media-amazon.com/images/I/61QjtIrjK9L._AC_UL320_.jpg,https://www.amazon.com/l-f-Hydration-Travel-System-5Piece/dp/B07ZVXK5K9/ref=sr_1_1?dib=eyJ2IjoiMSJ9.mffrzGxOyNgOoJ02JOo0ZF7eMeuYziyAm-I6RqBBOUWNzoQ79z3q9tpC0Ym3dpmV06Zd9p9A696bJjpMsZLsD57NAGWGD4Rzq0vOErPs213KUwE1wcnATu5lyKXQNt_lBy3HMmO0Fx_c_P34eG-6vH0oPuVYNUFiVsfZXvthg4G3HKKXdNCzzTRcMZrrSJeP18Iyz6vQnwVJy1HOJqOZnEvdPRvpEwp_xUROg3xzjjYTpI2onc_IsQw1DFUrdhuxF6itgsfjZR95SRxUZotHys4KvPpRwhupdOVAJJPoaF8.yKZqZz8LiJMC1JTamgjzs5diD8eYCTYFzstf3KqoQyk&dib_tag=se&keywords=trending+beauty+personal+care&qid=1768898716&sr=8-1,Beauty,true
B0DF2R5NTW,"Skin Care Set,6Pcs Women Teen Glass Skincare w/Korean Rice Extract,Hydrate Glow Repair Anti-Aging Facial Routine Kit Self Care Gifts for Women Mom Wife Teenage Girl Christmas Gifts Stocking Stuffers",1628,https://m.media-amazon.com/images/I/81hkK3tPADL._AC_UL320_.jpg,https://www.amazon.com/Christmas-Professional-Hydrate-Anti-Aging-Skincare/dp/B0DF2R5NTW/ref=sr_1_2?dib=eyJ2IjoiMSJ9.mffrzGxOyNgOoJ02JOo0ZF7eMeuYziyAm-I6RqBBOUWNzoQ79z3q9tpC0Ym3dpmV06Zd9p9A696bJjpMsZLsD57NAGWGD4Rzq0vOErPs213KUwE1wcnATu5lyKXQNt_lBy3HMmO0Fx_c_P34eG-6vH0oPuVYNUFiVsfZXvthg4G3HKKXdNCzzTRcMZrrSJeP18Iyz6vQnwVJy1HOJqOZnEvdPRvpEwp_xUROg3xzjjYTpI2onc_IsQw1DFUrdhuxF6itgsfjZR95SRxUZotHys4KvPpRwhupdOVAJJPoaF8.yKZqZz8LiJMC1JTamgjzs5diD8eYCTYFzstf3KqoQyk&dib_tag=se&keywords=trending+beauty+personal+care&qid=1768898716&sr=8-2,Beauty,true
B09KNYSPKW,"Epielle Pamper Yourself Head to Toe Care Kit, 6 Home Spa Essentials, At-Home Spa Kit for Radiant Skin, Self Care Gifts for Women, Korean Skin Care Set, Stocking Stuffers",,https://m.media-amazon.com/images/I/61gRkx2-zaL._AC_UL320_.jpg,https://www.amazon.com/Epielle-Yourself-Essentials-Headband-Cruelty-Free/dp/B09KNYSPKW/ref=sr_1_3?dib=eyJ2IjoiMSJ9.mffrzGxOyNgOoJ02JOo0ZF7eMeuYziyAm-I6RqBBOUWNzoQ79z3q9tpC0Ym3dpmV06Zd9p9A696bJjpMsZLsD57NAGWGD4Rzq0vOErPs213KUwE1wcnATu5lyKXQNt_lBy3HMmO0Fx_c_P34eG-6vH0oPuVYNUFiVsfZXvthg4G3HKKXdNCzzTRcMZrrSJeP18Iyz6vQnwVJy1HOJqOZnEvdPRvpEwp_xUROg3xzjjYTpI2onc_IsQw1DFUrdhuxF6itgsfjZR95SRxUZotHys4KvPpRwhupdOVAJJPoaF8.yKZqZz8LiJMC1JTamgjzs5diD8eYCTYFzstf3KqoQyk&dib_tag=se&keywords=trending+beauty+personal+care&qid=1768898716&sr=8-3,Beauty,false
B0FBX57MNX,"Baylis & Harding Jojoba, Vanilla & Almond Oil Luxury Pamper Tin Gift Set - Vegan Friendly",1328.94,https://m.media-amazon.com/images/I/61iOQ4zOchL._AC_UL320_.jpg,https://www.amazon.com/Baylis-Harding-Jojoba-Vanilla-Almond/dp/B0FBX57MNX/ref=sr_1_4?dib=eyJ2IjoiMSJ9.mffrzGxOyNgOoJ02JOo0ZF7eMeuYziyAm-I6RqBBOUWNzoQ79z3q9tpC0Ym3dpmV06Zd9p9A696bJjpMsZLsD57NAGWGD4Rzq0vOErPs213KUwE1wcnATu5lyKXQNt_lBy3HMmO0Fx_c_P34eG-6vH0oPuVYNUFiVsfZXvthg4G3HKKXdNCzzTRcMZrrSJeP18Iyz6vQnwVJy1HOJqOZnEvdPRvpEwp_xUROg3xzjjYTpI2onc_IsQw1DFUrdhuxF6itgsfjZR95SRxUZotHys4KvPpRwhupdOVAJJPoaF8.yKZqZz8LiJMC1JTamgjzs5diD8eYCTYFzstf3KqoQyk&dib_tag=se&keywords=trending+beauty+personal+care&qid=1768898716&sr=8-4,Beauty,false
B0FQK24CTV,"First Aid Beauty Smooth + Fresh Body Kit - Skin Care Gift Set with KP Bump Eraser Body Scrub, Whole Body Deodorant & Ingrown Hair Pads - Travel Friendly Skincare Set",,https://m.media-amazon.com/images/I/71Uvk-zkJML._AC_UL320_.jpg,https://www.amazon.com/First-Aid-Beauty-Smooth-Fresh/dp/B0FQK24CTV/ref=sr_1_5?dib=eyJ2IjoiMSJ9.mffrzGxOyNgOoJ02JOo0ZF7eMeuYziyAm-I6RqBBOUWNzoQ79z3q9tpC0Ym3dpmV06Zd9p9A696bJjpMsZLsD57NAGWGD4Rzq0vOErPs213KUwE1wcnATu5lyKXQNt_lBy3HMmO0Fx_c_P34eG-6vH0oPuVYNUFiVsfZXvthg4G3HKKXdNCzzTRcMZrrSJeP18Iyz6vQnwVJy1HOJqOZnEvdPRvpEwp_xUROg3xzjjYTpI2onc_IsQw1DFUrdhuxF6itgsfjZR95SRxUZotHys4KvPpRwhupdOVAJJPoaF8.yKZqZz8LiJMC1JTamgjzs5diD8eYCTYFzstf3KqoQyk&dib_tag=se&keywords=trending+beauty+personal+care&qid=1768898716&sr=8-5,Beauty,false
B08WLS6BR3,"I DEW CARE Skin Care Set - Vitamin To Glow Pack | Kbeauty Facial Kit, Hydrating, Brightening, Moisturizing Glow Set, Vegan, Travel Size, Beauty sets for Teen Girls, Gifts for Women, Stocking Stuffers",,https://m.media-amazon.com/images/I/71koPAbDhqL._AC_UL320_.jpg,https://www.amazon.com/Dew-Care-Skincare-Set-Illuminating/dp/B08WLS6BR3/ref=sr_1_6?dib=eyJ2IjoiMSJ9.mffrzGxOyNgOoJ02JOo0ZF7eMeuYziyAm-I6RqBBOUWNzoQ79z3q9tpC0Ym3dpmV06Zd9p9A696bJjpMsZLsD57NAGWGD4Rzq0vOErPs213KUwE1wcnATu5lyKXQNt_lBy3HMmO0Fx_c_P34eG-6vH0oPuVYNUFiVsfZXvthg4G3HKKXdNCzzTRcMZrrSJeP18Iyz6vQnwVJy1HOJqOZnEvdPRvpEwp_xUROg3xzjjYTpI2onc_IsQw1DFUrdhuxF6itgsfjZR95SRxUZotHys4KvPpRwhupdOVAJJPoaF8.yKZqZz8LiJMC1JTamgjzs5diD8eYCTYFzstf3KqoQyk&dib_tag=se&keywords=trending+beauty+personal+care&qid=1768898716&sr=8-6,Beauty,false
B0FJXTLHGW,"Maskiss Under Eye Patches Variety Pack (8 Pairs), Stocking Stuffers for Women, Eye Masks for Dark Circles Puffy Eyes With 8 Colors (1 Pairs/Color), Vegan Skin Care Gifts for Teen Girls",,https://m.media-amazon.com/images/I/719khmUqFzL._AC_UL320_.jpg,https://www.amazon.com/Maskiss-Patches-Variety-Stocking-Stuffers/dp/B0FJXTLHGW/ref=sr_1_7?dib=eyJ2IjoiMSJ9.mffrzGxOyNgOoJ02JOo0ZF7eMeuYziyAm-I6RqBBOUWNzoQ79z3q9tpC0Ym3dpmV06Zd9p9A696bJjpMsZLsD57NAGWGD4Rzq0vOErPs213KUwE1wcnATu5lyKXQNt_lBy3HMmO0Fx_c_P34eG-6vH0oPuVYNUFiVsfZXvthg4G3HKKXdNCzzTRcMZrrSJeP18Iyz6vQnwVJy1HOJqOZnEvdPRvpEwp_xUROg3xzjjYTpI2onc_IsQw1DFUrdhuxF6itgsfjZR95SRxUZotHys4KvPpRwhupdOVAJJPoaF8.yKZqZz8LiJMC1JTamgjzs5diD8eYCTYFzstf3KqoQyk&dib_tag=se&keywords=trending+beauty+personal+care&qid=1768898716&sr=8-7,Beauty,false
B07TBBPCKY,FACETORY K Beauty Face Mask Skin Care - BEST OF 7 COLLECTION Sheet Mask Set | Natural Premium Korean Face Mask For All Skin Types - No Sulfates No Parabens (7 pc),,https://m.media-amazon.com/images/I/71ooSyUaVXL._AC_UL320_.jpg,https://www.amazon.com/FACETORY-Beauty-Face-Mask-Skin/dp/B07TBBPCKY/ref=sr_1_8?dib=eyJ2IjoiMSJ9.mffrzGxOyNgOoJ02JOo0ZF7eMeuYziyAm-I6RqBBOUWNzoQ79z3q9tpC0Ym3dpmV06Zd9p9A696bJjpMsZLsD57NAGWGD4Rzq0vOErPs213KUwE1wcnATu5lyKXQNt_lBy3HMmO0Fx_c_P34eG-6vH0oPuVYNUFiVsfZXvthg4G3HKKXdNCzzTRcMZrrSJeP18Iyz6vQnwVJy1HOJqOZnEvdPRvpEwp_xUROg3xzjjYTpI2onc_IsQw1DFUrdhuxF6itgsfjZR95SRxUZotHys4KvPpRwhupdOVAJJPoaF8.yKZqZz8LiJMC1JTamgjzs5diD8eYCTYFzstf3KqoQyk&dib_tag=se&keywords=trending+beauty+personal+care&qid=1768898716&sr=8-8,Beauty,false
B08K986VMR,Luxury Spa Set - Skin Care Kit - Skin Care Gift Set - Skincare Box - Skin Care Baskets - Spa Day Kit - Spa Kit Women - Spa Gift Baskets - Birthday Gifts for Teen Girls - Beauty Gift Set - Facial Gifts,,https://m.media-amazon.com/images/I/810rcSI0OsL._AC_UL320_.jpg,https://www.amazon.com/Luxury-Spa-Set-Skincare-Birthday/dp/B08K986VMR/ref=sr_1_9?dib=eyJ2IjoiMSJ9.mffrzGxOyNgOoJ02JOo0ZF7eMeuYziyAm-I6RqBBOUWNzoQ79z3q9tpC0Ym3dpmV06Zd9p9A696bJjpMsZLsD57NAGWGD4Rzq0vOErPs213KUwE1wcnATu5lyKXQNt_lBy3HMmO0Fx_c_P34eG-6vH0oPuVYNUFiVsfZXvthg4G3HKKXdNCzzTRcMZrrSJeP18Iyz6vQnwVJy1HOJqOZnEvdPRvpEwp_xUROg3xzjjYTpI2onc_IsQw1DFUrdhuxF6itgsfjZR95SRxUZotHys4KvPpRwhupdOVAJJPoaF8.yKZqZz8LiJMC1JTamgjzs5diD8eYCTYFzstf3KqoQyk&dib_tag=se&keywords=trending+beauty+personal+care&qid=1768898716&sr=8-9,Beauty,false
B0FGX36VM3,"5-Color Summer Special Lip Balm Butter-Shea Butter & Avocado Oil Formula, Lightweight & Non-Sticky, 5 Trending Shades (Vanilla/Mint/Iced Coffee/Cake/Guava), Soften Dry and Lip Care, Gift Box for Teens",,https://m.media-amazon.com/images/I/51qfdqoSUWL._AC_UL320_.jpg,https://www.amazon.com/5-Color-Butter-Shea-Lightweight-Non-Sticky-Trending/dp/B0FGX36VM3/ref=sr_1_10?dib=eyJ2IjoiMSJ9.mffrzGxOyNgOoJ02JOo0ZF7eMeuYziyAm-I6RqBBOUWNzoQ79z3q9tpC0Ym3dpmV06Zd9p9A696bJjpMsZLsD57NAGWGD4Rzq0vOErPs213KUwE1wcnATu5lyKXQNt_lBy3HMmO0Fx_c_P34eG-6vH0oPuVYNUFiVsfZXvthg4G3HKKXdNCzzTRcMZrrSJeP18Iyz6vQnwVJy1HOJqOZnEvdPRvpEwp_xUROg3xzjjYTpI2onc_IsQw1DFUrdhuxF6itgsfjZR95SRxUZotHys4KvPpRwhupdOVAJJPoaF8.yKZqZz8LiJMC1JTamgjzs5diD8eYCTYFzstf3KqoQyk&dib_tag=se&keywords=trending+beauty+personal+care&qid=1768898716&sr=8-10,Beauty,false
B0FWK4CDCP,"5-Color Lip Balm Butter Set-With Shea Butter&Avocado Oil Natural Ingredients, Lightweight&Non-Sticky, Instant Hydration, 5 Shades (Vanilla/Mint/lced Coffee/Cake/Guava), Natural Scent Ideal for Gifting",,https://m.media-amazon.com/images/I/51gEdKaX6kL._AC_UL320_.jpg,https://www.amazon.com/5-Color-Ingredients-Lightweight-Non-Sticky-Hydration/dp/B0FWK4CDCP/ref=sr_1_11?dib=eyJ2IjoiMSJ9.mffrzGxOyNgOoJ02JOo0ZF7eMeuYziyAm-I6RqBBOUWNzoQ79z3q9tpC0Ym3dpmV06Zd9p9A696bJjpMsZLsD57NAGWGD4Rzq0vOErPs213KUwE1wcnATu5lyKXQNt_lBy3HMmO0Fx_c_P34eG-6vH0oPuVYNUFiVsfZXvthg4G3HKKXdNCzzTRcMZrrSJeP18Iyz6vQnwVJy1HOJqOZnEvdPRvpEwp_xUROg3xzjjYTpI2onc_IsQw1DFUrdhuxF6itgsfjZR95SRxUZotHys4KvPpRwhupdOVAJJPoaF8.yKZqZz8LiJMC1JTamgjzs5diD8eYCTYFzstf3KqoQyk&dib_tag=se&keywords=trending+beauty+personal+care&qid=1768898716&sr=8-11,Beauty,false
B09L52J532,"Love & Pebble Beauty Pops - Ice Roller Massage & Skin Care Ice Mask for Face Set with Turmeric & Aloe | Cryo Dermal Benefits of Ice Face Roller and Gua Sha, As Seen on Shark Tank and Tik Tok",,https://m.media-amazon.com/images/I/61mlffb8tLL._AC_UL320_.jpg,https://www.amazon.com/Love-Pebble-Beauty-Pops-Turmeric/dp/B09L52J532/ref=sr_1_12?dib=eyJ2IjoiMSJ9.mffrzGxOyNgOoJ02JOo0ZF7eMeuYziyAm-I6RqBBOUWNzoQ79z3q9tpC0Ym3dpmV06Zd9p9A696bJjpMsZLsD57NAGWGD4Rzq0vOErPs213KUwE1wcnATu5lyKXQNt_lBy3HMmO0Fx_c_P34eG-6vH0oPuVYNUFiVsfZXvthg4G3HKKXdNCzzTRcMZrrSJeP18Iyz6vQnwVJy1HOJqOZnEvdPRvpEwp_xUROg3xzjjYTpI2onc_IsQw1DFUrdhuxF6itgsfjZR95SRxUZotHys4KvPpRwhupdOVAJJPoaF8.yKZqZz8LiJMC1JTamgjzs5diD8eYCTYFzstf3KqoQyk&dib_tag=se&keywords=trending+beauty+personal+care&qid=1768898716&sr=8-12,Beauty,false
B0DZM3VXYL,"SKINFOOD Honey Sugar Lip Sleeping Mask, Lip Mask for Overnight, Korean Lip Care Product for Severely Chapped Lips, Stocking Stuffers, Hydrating Lip Butter for Dry Lips, Lip Balm (0.71 fl. oz.)",,https://m.media-amazon.com/images/I/71wTmVAHJ3L._AC_UL320_.jpg,https://www.amazon.com/SKINFOOD-Sleeping-Overnight-Severely-Hydrating/dp/B0DZM3VXYL/ref=sr_1_13?dib=eyJ2IjoiMSJ9.mffrzGxOyNgOoJ02JOo0ZF7eMeuYziyAm-I6RqBBOUWNzoQ79z3q9tpC0Ym3dpmV06Zd9p9A696bJjpMsZLsD57NAGWGD4Rzq0vOErPs213KUwE1wcnATu5lyKXQNt_lBy3HMmO0Fx_c_P34eG-6vH0oPuVYNUFiVsfZXvthg4G3HKKXdNCzzTRcMZrrSJeP18Iyz6vQnwVJy1HOJqOZnEvdPRvpEwp_xUROg3xzjjYTpI2onc_IsQw1DFUrdhuxF6itgsfjZR95SRxUZotHys4KvPpRwhupdOVAJJPoaF8.yKZqZz8LiJMC1JTamgjzs5diD8eYCTYFzstf3KqoQyk&dib_tag=se&keywords=trending+beauty+personal+care&qid=1768898716&sr=8-13,Beauty,false
B09VYD7H82,FACETORY K Beauty Face Mask Skin Care - BEST OF 7 COLLECTION Sheet Mask Set (21 pc) | Natural Premium Korean Face Mask For All Skin Types - No Sulfates No Parabens,,https://m.media-amazon.com/images/I/81XvSpbt6+L._AC_UL320_.jpg,https://www.amazon.com/FACETORY-Beauty-Face-Mask-Skin/dp/B09VYD7H82/ref=sr_1_14?dib=eyJ2IjoiMSJ9.mffrzGxOyNgOoJ02JOo0ZF7eMeuYziyAm-I6RqBBOUWNzoQ79z3q9tpC0Ym3dpmV06Zd9p9A696bJjpMsZLsD57NAGWGD4Rzq0vOErPs213KUwE1wcnATu5lyKXQNt_lBy3HMmO0Fx_c_P34eG-6vH0oPuVYNUFiVsfZXvthg4G3HKKXdNCzzTRcMZrrSJeP18Iyz6vQnwVJy1HOJqOZnEvdPRvpEwp_xUROg3xzjjYTpI2onc_IsQw1DFUrdhuxF6itgsfjZR95SRxUZotHys4KvPpRwhupdOVAJJPoaF8.yKZqZz8LiJMC1JTamgjzs5diD8eYCTYFzstf3KqoQyk&dib_tag=se&keywords=trending+beauty+personal+care&qid=1768898716&sr=8-14,Beauty,false
B0FTWYDQNY,"VELVET MUSE Collagen Face Mask – Korean Glass Skin Overnight Sheet Mask with Collagen, Peptides, Hyaluronic Acid & Niacinamide – Hydrating, Brightening, Anti-Aging - (4 Pack)",,https://m.media-amazon.com/images/I/61aGP4SwY0L._AC_UL320_.jpg,https://www.amazon.com/VELVET-MUSE-Collagen-Face-Mask/dp/B0FTWYDQNY/ref=sr_1_15?dib=eyJ2IjoiMSJ9.mffrzGxOyNgOoJ02JOo0ZF7eMeuYziyAm-I6RqBBOUWNzoQ79z3q9tpC0Ym3dpmV06Zd9p9A696bJjpMsZLsD57NAGWGD4Rzq0vOErPs213KUwE1wcnATu5lyKXQNt_lBy3HMmO0Fx_c_P34eG-6vH0oPuVYNUFiVsfZXvthg4G3HKKXdNCzzTRcMZrrSJeP18Iyz6vQnwVJy1HOJqOZnEvdPRvpEwp_xUROg3xzjjYTpI2onc_IsQw1DFUrdhuxF6itgsfjZR95SRxUZotHys4KvPpRwhupdOVAJJPoaF8.yKZqZz8LiJMC1JTamgjzs5diD8eYCTYFzstf3KqoQyk&dib_tag=se&keywords=trending+beauty+personal+care&qid=1768898716&sr=8-15,Beauty,false
B08NGBDR87,"3PCS OstWony Silicone Dish Sponges, Super Food-Grade Silicone Sponges, Multi-Purpose and Efficient Sponge Kitchen Gadgets, Especial Delicate Kitchen Sponge Brush",,https://m.media-amazon.com/images/I/71uTN3-Q+wL._AC_UY218_.jpg,https://www.amazon.com/OstWony-Silicone-Food-Grade-Multi-Purpose-Efficient/dp/B08NGBDR87/ref=sr_1_1?dib=eyJ2IjoiMSJ9.b5Y4azneZGy5Ap51rVLk5HHxI1RIOcReT8evNVMHYwsIJv6afMjg_0g-f-wG46xAtdffUfBHWgROJ-JvewpKJhxB13IWZKNUwpKTNrnhW7yxYQfAPMLZZ-HZyQoeBGt-uKizBOS8I2cp97r_SCNCBF2fqrc3V978N_1lTaPjhtLyaREZH-QpjVlfCds6W7Bow6eyWyzEeeeFQkphj3mUvC3EwQFuw7xN6cEChMF4Rew.T-4VShg2Te9DLn62GVsCWHtVnSWX7jHqbUBzbKBLY9w&dib_tag=se&keywords=health+household+best+sellers&qid=1768898719&sr=8-1,Health,true
1580625258,The No-Salt Cookbook: Reduce or Eliminate Salt Without Sacrificing Flavor,898.99,https://m.media-amazon.com/images/I/81aSO7VE9wL._AC_UY218_.jpg,https://www.amazon.com/No-Salt-Cookbook-Eliminate-Without-Sacrificing/dp/1580625258/ref=sr_1_2?dib=eyJ2IjoiMSJ9.b5Y4azneZGy5Ap51rVLk5HHxI1RIOcReT8evNVMHYwsIJv6afMjg_0g-f-wG46xAtdffUfBHWgROJ-JvewpKJhxB13IWZKNUwpKTNrnhW7yxYQfAPMLZZ-HZyQoeBGt-uKizBOS8I2cp97r_SCNCBF2fqrc3V978N_1lTaPjhtLyaREZH-QpjVlfCds6W7Bow6eyWyzEeeeFQkphj3mUvC3EwQFuw7xN6cEChMF4Rew.T-4VShg2Te9DLn62GVsCWHtVnSWX7jHqbUBzbKBLY9w&dib_tag=se&keywords=health+household+best+sellers&qid=1768898719&sr=8-2,Health,true
B07BHXY78B,"Bounty Select-A-Size Paper Towels, White, Big Rolls, 6 Count of 74 Sheets Per Roll, 6 Count (Pack of 1)",,https://m.media-amazon.com/images/I/71IH-6VbiyL._AC_UY218_.jpg,https://www.amazon.com/Bounty-Select-Size-Paper-Towels/dp/B07BHXY78B/ref=sr_1_3?dib=eyJ2IjoiMSJ9.b5Y4azneZGy5Ap51rVLk5HHxI1RIOcReT8evNVMHYwsIJv6afMjg_0g-f-wG46xAtdffUfBHWgROJ-JvewpKJhxB13IWZKNUwpKTNrnhW7yxYQfAPMLZZ-HZyQoeBGt-uKizBOS8I2cp97r_SCNCBF2fqrc3V978N_1lTaPjhtLyaREZH-QpjVlfCds6W7Bow6eyWyzEeeeFQkphj3mUvC3EwQFuw7xN6cEChMF4Rew.T-4VShg2Te9DLn62GVsCWHtVnSWX7jHqbUBzbKBLY9w&dib_tag=se&keywords=health+household+best+sellers&qid=1768898719&sr=8-3,Health,false
1588164039,"Good Housekeeping The Complete Household Handbook: The Best Ways to Clean, Maintain & Organize Your Home",,https://m.media-amazon.com/images/I/61jkOIQmanL._AC_UY218_.jpg,https://www.amazon.com/Good-Housekeeping-Complete-Household-Handbook/dp/1588164039/ref=sr_1_4?dib=eyJ2IjoiMSJ9.b5Y4azneZGy5Ap51rVLk5HHxI1RIOcReT8evNVMHYwsIJv6afMjg_0g-f-wG46xAtdffUfBHWgROJ-JvewpKJhxB13IWZKNUwpKTNrnhW7yxYQfAPMLZZ-HZyQoeBGt-uKizBOS8I2cp97r_SCNCBF2fqrc3V978N_1lTaPjhtLyaREZH-QpjVlfCds6W7Bow6eyWyzEeeeFQkphj3mUvC3EwQFuw7xN6cEChMF4Rew.T-4VShg2Te9DLn62GVsCWHtVnSWX7jHqbUBzbKBLY9w&dib_tag=se&keywords=health+household+best+sellers&qid=1768898719&sr=8-4,Health,false
1593156553,The Healthy Home: Simple Truths to Protect Your Family from Hidden Household Dangers,0,https://m.media-amazon.com/images/I/61aghFdljEL._AC_UY218_.jpg,https://www.amazon.com/Healthy-Home-Protect-Household-Dangers/dp/1593156553/ref=sr_1_5?dib=eyJ2IjoiMSJ9.b5Y4azneZGy5Ap51rVLk5HHxI1RIOcReT8evNVMHYwsIJv6afMjg_0g-f-wG46xAtdffUfBHWgROJ-JvewpKJhxB13IWZKNUwpKTNrnhW7yxYQfAPMLZZ-HZyQoeBGt-uKizBOS8I2cp97r_SCNCBF2fqrc3V978N_1lTaPjhtLyaREZH-QpjVlfCds6W7Bow6eyWyzEeeeFQkphj3mUvC3EwQFuw7xN6cEChMF4Rew.T-4VShg2Te9DLn62GVsCWHtVnSWX7jHqbUBzbKBLY9w&dib_tag=se&keywords=health+household+best+sellers&qid=1768898719&sr=8-5,Health,false
0963715674,"Creating a Healthy Household: The Ultimate Guide for Healthier, Safer, Less-Toxic Living",,https://m.media-amazon.com/images/I/513KN4VB2BL._AC_UY218_.jpg,https://www.amazon.com/Creating-Healthy-Household-Healthier-Less-Toxic/dp/0963715674/ref=sr_1_6?dib=eyJ2IjoiMSJ9.b5Y4azneZGy5Ap51rVLk5HHxI1RIOcReT8evNVMHYwsIJv6afMjg_0g-f-wG46xAtdffUfBHWgROJ-JvewpKJhxB13IWZKNUwpKTNrnhW7yxYQfAPMLZZ-HZyQoeBGt-uKizBOS8I2cp97r_SCNCBF2fqrc3V978N_1lTaPjhtLyaREZH-QpjVlfCds6W7Bow6eyWyzEeeeFQkphj3mUvC3EwQFuw7xN6cEChMF4Rew.T-4VShg2Te9DLn62GVsCWHtVnSWX7jHqbUBzbKBLY9w&dib_tag=se&keywords=health+household+best+sellers&qid=1768898719&sr=8-6,Health,false
1668025248,"The Salad Lab: Whisk, Toss, Enjoy!: Recipes for Making Fabulous Salads Every Day (A Cookbook)",1594.37,https://m.media-amazon.com/images/I/71jgjfrbncL._AC_UY218_.jpg,https://www.amazon.com/Salad-Lab-Recipes-Fabulous-Cookbook/dp/1668025248/ref=sr_1_7?dib=eyJ2IjoiMSJ9.b5Y4azneZGy5Ap51rVLk5HHxI1RIOcReT8evNVMHYwsIJv6afMjg_0g-f-wG46xAtdffUfBHWgROJ-JvewpKJhxB13IWZKNUwpKTNrnhW7yxYQfAPMLZZ-HZyQoeBGt-uKizBOS8I2cp97r_SCNCBF2fqrc3V978N_1lTaPjhtLyaREZH-QpjVlfCds6W7Bow6eyWyzEeeeFQkphj3mUvC3EwQFuw7xN6cEChMF4Rew.T-4VShg2Te9DLn62GVsCWHtVnSWX7jHqbUBzbKBLY9w&dib_tag=se&keywords=health+household+best+sellers&qid=1768898719&sr=8-7,Health,false
B0DL4B7VKB,5-Ingredient Keto Cookbook: Easy Healthy Ketogenic Recipes For Two (5-Ingredient Cookbooks For Two),1817.07,https://m.media-amazon.com/images/I/71l8jUd+IGL._AC_UY218_.jpg,https://www.amazon.com/5-Ingredient-Keto-Cookbook-Ketogenic-Cookbooks/dp/B0DL4B7VKB/ref=sr_1_8?dib=eyJ2IjoiMSJ9.b5Y4azneZGy5Ap51rVLk5HHxI1RIOcReT8evNVMHYwsIJv6afMjg_0g-f-wG46xAtdffUfBHWgROJ-JvewpKJhxB13IWZKNUwpKTNrnhW7yxYQfAPMLZZ-HZyQoeBGt-uKizBOS8I2cp97r_SCNCBF2fqrc3V978N_1lTaPjhtLyaREZH-QpjVlfCds6W7Bow6eyWyzEeeeFQkphj3mUvC3EwQFuw7xN6cEChMF4Rew.T-4VShg2Te9DLn62GVsCWHtVnSWX7jHqbUBzbKBLY9w&dib_tag=se&keywords=health+household+best+sellers&qid=1768898719&sr=8-8,Health,false
0718185447,Mary's Household Tips & Tricks: Your Guide to Happiness in the Home,2888.77,https://m.media-amazon.com/images/I/91GBxR+2OSL._AC_UY218_.jpg,https://www.amazon.com/Marys-Household-Tips-Tricks-Happiness/dp/0718185447/ref=sr_1_9?dib=eyJ2IjoiMSJ9.b5Y4azneZGy5Ap51rVLk5HHxI1RIOcReT8evNVMHYwsIJv6afMjg_0g-f-wG46xAtdffUfBHWgROJ-JvewpKJhxB13IWZKNUwpKTNrnhW7yxYQfAPMLZZ-HZyQoeBGt-uKizBOS8I2cp97r_SCNCBF2fqrc3V978N_1lTaPjhtLyaREZH-QpjVlfCds6W7Bow6eyWyzEeeeFQkphj3mUvC3EwQFuw7xN6cEChMF4Rew.T-4VShg2Te9DLn62GVsCWHtVnSWX7jHqbUBzbKBLY9w&dib_tag=se&keywords=health+household+best+sellers&qid=1768898719&sr=8-9,Health,false
B0B4MZ6YFM,Habits of A Healthy Household (Must Read): A powerful and essential habits list for every family wishing to be healthy,0,https://m.media-amazon.com/images/I/7156gXDi3FL._AC_UY218_.jpg,https://www.amazon.com/Habits-Healthy-Household-Must-Read-ebook/dp/B0B4MZ6YFM/ref=sr_1_10?dib=eyJ2IjoiMSJ9.b5Y4azneZGy5Ap51rVLk5HHxI1RIOcReT8evNVMHYwsIJv6afMjg_0g-f-wG46xAtdffUfBHWgROJ-JvewpKJhxB13IWZKNUwpKTNrnhW7yxYQfAPMLZZ-HZyQoeBGt-uKizBOS8I2cp97r_SCNCBF2fqrc3V978N_1lTaPjhtLyaREZH-QpjVlfCds6W7Bow6eyWyzEeeeFQkphj3mUvC3EwQFuw7xN6cEChMF4Rew.T-4VShg2Te9DLn62GVsCWHtVnSWX7jHqbUBzbKBLY9w&dib_tag=se&keywords=health+household+best+sellers&qid=1768898719&sr=8-10,Health,false
1641523107,The Essential Air Fryer Cookbook for Two: Perfectly Portioned Recipes for Healthier Fried Favorites,0,https://m.media-amazon.com/images/I/81AToH5mgqL._AC_UY218_.jpg,https://www.amazon.com/Essential-Air-Fryer-Cookbook-Two/dp/1641523107/ref=sr_1_11?dib=eyJ2IjoiMSJ9.b5Y4azneZGy5Ap51rVLk5HHxI1RIOcReT8evNVMHYwsIJv6afMjg_0g-f-wG46xAtdffUfBHWgROJ-JvewpKJhxB13IWZKNUwpKTNrnhW7yxYQfAPMLZZ-HZyQoeBGt-uKizBOS8I2cp97r_SCNCBF2fqrc3V978N_1lTaPjhtLyaREZH-QpjVlfCds6W7Bow6eyWyzEeeeFQkphj3mUvC3EwQFuw7xN6cEChMF4Rew.T-4VShg2Te9DLn62GVsCWHtVnSWX7jHqbUBzbKBLY9w&dib_tag=se&keywords=health+household+best+sellers&qid=1768898719&sr=8-11,Health,false
1588165965,"Good Housekeeping The Complete Household Handbook, Revised Edition: The Best Ways to Clean, Maintain & Organize Your Home",,https://m.media-amazon.com/images/I/51C0WKXRSYL._AC_UY218_.jpg,https://www.amazon.com/Housekeeping-Complete-Household-Handbook-Revised/dp/1588165965/ref=sr_1_12?dib=eyJ2IjoiMSJ9.b5Y4azneZGy5Ap51rVLk5HHxI1RIOcReT8evNVMHYwsIJv6afMjg_0g-f-wG46xAtdffUfBHWgROJ-JvewpKJhxB13IWZKNUwpKTNrnhW7yxYQfAPMLZZ-HZyQoeBGt-uKizBOS8I2cp97r_SCNCBF2fqrc3V978N_1lTaPjhtLyaREZH-QpjVlfCds6W7Bow6eyWyzEeeeFQkphj3mUvC3EwQFuw7xN6cEChMF4Rew.T-4VShg2Te9DLn62GVsCWHtVnSWX7jHqbUBzbKBLY9w&dib_tag=se&keywords=health+household+best+sellers&qid=1768898719&sr=8-12,Health,false
1604339055,Keto Life: Over 100 Healthy and Delicious Ketogenic Recipes,1118.97,https://m.media-amazon.com/images/I/911UeHb2HoL._AC_UY218_.jpg,https://www.amazon.com/Keto-Life-Healthy-Delicious-Ketogenic/dp/1604339055/ref=sr_1_13?dib=eyJ2IjoiMSJ9.b5Y4azneZGy5Ap51rVLk5HHxI1RIOcReT8evNVMHYwsIJv6afMjg_0g-f-wG46xAtdffUfBHWgROJ-JvewpKJhxB13IWZKNUwpKTNrnhW7yxYQfAPMLZZ-HZyQoeBGt-uKizBOS8I2cp97r_SCNCBF2fqrc3V978N_1lTaPjhtLyaREZH-QpjVlfCds6W7Bow6eyWyzEeeeFQkphj3mUvC3EwQFuw7xN6cEChMF4Rew.T-4VShg2Te9DLn62GVsCWHtVnSWX7jHqbUBzbKBLY9w&dib_tag=se&keywords=health+household+best+sellers&qid=1768898719&sr=8-13,Health,false
B0CW1N1VWC,Health Habits at Home: Take Charge of Your Wellbeing,449.95,https://m.media-amazon.com/images/I/61DsRveDebL._AC_UY218_.jpg,https://www.amazon.com/Health-Habits-Home-Charge-Wellbeing-ebook/dp/B0CW1N1VWC/ref=sr_1_14?dib=eyJ2IjoiMSJ9.b5Y4azneZGy5Ap51rVLk5HHxI1RIOcReT8evNVMHYwsIJv6afMjg_0g-f-wG46xAtdffUfBHWgROJ-JvewpKJhxB13IWZKNUwpKTNrnhW7yxYQfAPMLZZ-HZyQoeBGt-uKizBOS8I2cp97r_SCNCBF2fqrc3V978N_1lTaPjhtLyaREZH-QpjVlfCds6W7Bow6eyWyzEeeeFQkphj3mUvC3EwQFuw7xN6cEChMF4Rew.T-4VShg2Te9DLn62GVsCWHtVnSWX7jHqbUBzbKBLY9w&dib_tag=se&keywords=health+household+best+sellers&qid=1768898719&sr=8-14,Health,false
0593797434,Vegan Wholesome: High-Protein Meals and Snacks to Energize and Nourish; A Cookbook,1578.92,https://m.media-amazon.com/images/I/91UJsTU0XKL._AC_UY218_.jpg,https://www.amazon.com/Vegan-Wholesome-High-Protein-Energize-Nourish/dp/0593797434/ref=sr_1_15?dib=eyJ2IjoiMSJ9.b5Y4azneZGy5Ap51rVLk5HHxI1RIOcReT8evNVMHYwsIJv6afMjg_0g-f-wG46xAtdffUfBHWgROJ-JvewpKJhxB13IWZKNUwpKTNrnhW7yxYQfAPMLZZ-HZyQoeBGt-uKizBOS8I2cp97r_SCNCBF2fqrc3V978N_1lTaPjhtLyaREZH-QpjVlfCds6W7Bow6eyWyzEeeeFQkphj3mUvC3EwQFuw7xN6cEChMF4Rew.T-4VShg2Te9DLn62GVsCWHtVnSWX7jHqbUBzbKBLY9w&dib_tag=se&keywords=health+household+best+sellers&qid=1768898719&sr=8-15,Health,false
